timestamp,username,account_type,src_ip,target,protocol,success,anomaly_type,is_anomaly
2024-01-01 00:16:00,svc_monitor,service,172.18.160.25,router-mgmt,tacacs,1,normal,0
2024-01-01 00:23:00,svc_backup,service,69.252.84.6,backup-svr,tacacs,1,normal,0
2024-01-01 00:44:00,svc_backup,service,184.29.64.11,backup-svr,tacacs,1,normal,0
2024-01-01 04:25:00,svc_deploy,service,162.150.19.16,git-runner,tacacs,1,normal,0
2024-01-01 07:23:00,svc_monitor,service,184.29.61.3,cmts-mgmt,tacacs,1,normal,0
2024-01-01 07:24:00,svc_deploy,service,184.29.53.16,git-runner,tacacs,1,normal,0
2024-01-01 07:28:00,net_admin1,admin,172.19.64.25,firewall,tacacs,1,normal,0
2024-01-01 07:32:00,root,root,185.220.8.1,firewall,tacacs,1,root_login,1
2024-01-01 07:43:00,mwilliams,user,10.1.0.40,vpn,radius,1,normal,0
2024-01-01 07:46:00,net_admin1,admin,172.16.192.15,router-core,tacacs,1,normal,0
2024-01-01 08:05:00,fieldtech_b,field,10.4.64.30,provisioning,radius,1,normal,0
2024-01-01 09:39:00,mwilliams,user,50.200.15.1,sharepoint,radius,1,normal,0
2024-01-01 09:40:00,svc_backup,service,184.29.61.19,storage-mgmt,tacacs,0,normal,0
2024-01-01 10:59:00,jsmith,user,96.19.48.100,webmail,radius,1,normal,0
2024-01-01 11:12:00,net_admin2,admin,172.16.16.15,router-core,tacacs,1,normal,0
2024-01-01 12:12:00,net_admin2,admin,172.18.176.15,router-core,tacacs,1,normal,0
2024-01-01 12:17:00,svc_deploy,service,162.150.16.10,git-runner,tacacs,1,normal,0
2024-01-01 13:55:00,rjohnson,user,100.71.88.3,vpn,radius,1,normal,0
2024-01-01 14:12:00,svc_backup,service,69.252.97.1,storage-mgmt,tacacs,1,normal,0
2024-01-01 15:19:00,net_admin2,admin,172.19.144.15,router-core,tacacs,1,normal,0
2024-01-01 15:36:00,svc_monitor,service,172.19.176.25,router-mgmt,tacacs,1,normal,0
2024-01-01 15:53:00,svc_backup,service,162.150.8.11,storage-mgmt,tacacs,1,normal,0
2024-01-01 16:23:00,svc_backup,service,69.252.96.9,storage-mgmt,tacacs,1,normal,0
2024-01-01 16:25:00,svc_backup,service,185.220.55.100,intranet,radius,1,svc_account_interactive,1
2024-01-01 16:42:00,net_admin2,admin,184.29.69.4,switch-mgmt,tacacs,1,normal,0
2024-01-01 17:08:00,net_admin2,admin,184.29.56.1,switch-mgmt,tacacs,1,normal,0
2024-01-01 17:18:00,alopez,user,172.19.80.25,intranet,radius,1,normal,0
2024-01-01 18:04:00,svc_monitor,service,69.252.82.10,router-mgmt,tacacs,1,normal,0
2024-01-01 19:41:00,svc_monitor,service,69.252.90.11,router-mgmt,tacacs,1,normal,0
2024-01-01 20:26:00,svc_monitor,service,184.29.69.18,cmts-mgmt,tacacs,1,normal,0
2024-01-01 21:16:00,svc_monitor,service,172.17.112.5,router-mgmt,tacacs,1,normal,0
2024-01-01 21:46:00,svc_backup,service,69.252.83.1,storage-mgmt,tacacs,1,normal,0
2024-01-02 00:41:00,svc_backup,service,184.29.64.7,storage-mgmt,tacacs,1,normal,0
2024-01-02 02:37:00,svc_monitor,service,172.18.112.25,router-mgmt,tacacs,1,normal,0
2024-01-02 02:45:00,svc_monitor,service,69.252.89.8,router-mgmt,tacacs,1,normal,0
2024-01-02 05:16:00,svc_backup,service,184.29.67.2,backup-svr,tacacs,1,normal,0
2024-01-02 06:08:00,root,root,185.220.5.100,cmts,tacacs,1,root_login,1
2024-01-02 06:10:00,svc_deploy,service,162.150.6.14,git-runner,tacacs,1,normal,0
2024-01-02 06:14:00,svc_deploy,service,162.150.3.18,git-runner,tacacs,1,normal,0
2024-01-02 07:02:00,fieldtech_b,field,10.3.32.20,provisioning,radius,1,normal,0
2024-01-02 07:38:00,fieldtech_a,field,96.26.48.100,provisioning,radius,1,normal,0
2024-01-02 08:11:00,root,root,69.252.90.7,cmts,tacacs,0,root_login,1
2024-01-02 08:15:00,jsmith,user,96.27.224.100,webmail,radius,1,normal,0
2024-01-02 08:28:00,svc_deploy,service,184.29.50.14,git-runner,tacacs,1,normal,0
2024-01-02 08:42:00,svc_backup,service,162.150.16.16,storage-mgmt,tacacs,1,normal,0
2024-01-02 08:55:00,net_admin2,admin,172.18.112.25,router-core,tacacs,1,normal,0
2024-01-02 09:05:00,mwilliams,user,73.15.112.1,vpn,radius,1,normal,0
2024-01-02 09:14:00,svc_backup,service,162.150.5.13,storage-mgmt,tacacs,1,normal,0
2024-01-02 09:15:00,svc_deploy,service,184.29.50.1,deploy-host,tacacs,1,normal,0
2024-01-02 10:19:00,fieldtech_b,field,73.2.144.50,cmts-mgmt,radius,1,normal,0
2024-01-02 11:09:00,jsmith,user,96.4.0.100,vpn,radius,1,normal,0
2024-01-02 11:14:00,svc_backup,service,162.150.17.3,storage-mgmt,tacacs,1,normal,0
2024-01-02 11:16:00,svc_backup,service,162.150.18.12,storage-mgmt,tacacs,1,normal,0
2024-01-02 11:21:00,svc_monitor,service,69.252.85.8,cmts-mgmt,tacacs,1,normal,0
2024-01-02 11:25:00,svc_backup,service,69.252.95.19,storage-mgmt,tacacs,1,normal,0
2024-01-02 11:41:00,alopez,user,172.17.128.15,vpn,radius,1,normal,0
2024-01-02 13:28:00,jsmith,user,96.14.96.100,intranet,radius,1,normal,0
2024-01-02 13:48:00,svc_deploy,service,162.150.3.16,git-runner,tacacs,1,normal,0
2024-01-02 14:08:00,svc_monitor,service,172.16.96.15,cmts-mgmt,tacacs,1,normal,0
2024-01-02 15:47:00,fieldtech_b,field,96.17.144.100,cmts-mgmt,radius,1,normal,0
2024-01-02 16:43:00,svc_deploy,service,184.29.69.3,git-runner,tacacs,1,normal,0
2024-01-02 17:24:00,jsmith,user,96.0.48.200,vpn,radius,1,normal,0
2024-01-02 19:24:00,svc_monitor,service,184.29.60.12,cmts-mgmt,tacacs,1,normal,0
2024-01-02 19:39:00,svc_backup,service,162.150.18.1,backup-svr,tacacs,1,normal,0
2024-01-02 23:22:00,svc_monitor,service,184.29.58.14,router-mgmt,tacacs,1,normal,0
2024-01-02 23:30:00,svc_monitor,service,69.252.84.18,cmts-mgmt,tacacs,1,normal,0
2024-01-03 01:38:00,svc_monitor,service,69.252.81.2,cmts-mgmt,tacacs,1,normal,0
2024-01-03 02:21:00,svc_backup,service,162.150.3.17,backup-svr,tacacs,1,normal,0
2024-01-03 02:30:00,svc_backup,service,184.29.64.15,backup-svr,tacacs,1,normal,0
2024-01-03 02:59:00,svc_backup,service,162.150.11.7,backup-svr,tacacs,1,normal,0
2024-01-03 04:22:00,net_admin1,admin,50.200.4.1,firewall,tacacs,1,off_hours_admin,1
2024-01-03 04:22:00,svc_backup,service,69.252.95.8,backup-svr,tacacs,1,normal,0
2024-01-03 06:07:00,fieldtech_b,field,10.4.0.30,cmts-mgmt,radius,1,normal,0
2024-01-03 07:19:00,svc_monitor,service,184.29.69.1,cmts-mgmt,tacacs,1,normal,0
2024-01-03 08:34:00,svc_monitor,service,172.19.240.15,cmts-mgmt,tacacs,1,normal,0
2024-01-03 09:09:00,fieldtech_b,field,73.5.64.50,provisioning,radius,1,normal,0
2024-01-03 09:09:00,fieldtech_b,field,73.28.208.50,cmts-mgmt,radius,1,normal,0
2024-01-03 11:29:00,svc_monitor,service,69.252.94.12,router-mgmt,tacacs,1,normal,0
2024-01-03 11:30:00,svc_monitor,service,172.19.16.5,router-mgmt,tacacs,1,normal,0
2024-01-03 12:37:00,svc_backup,service,69.252.82.17,storage-mgmt,tacacs,1,normal,0
2024-01-03 12:51:00,svc_monitor,service,172.18.16.25,router-mgmt,tacacs,1,normal,0
2024-01-03 14:29:00,rjohnson,user,96.5.128.200,vpn,radius,1,normal,0
2024-01-03 14:38:00,net_admin2,admin,162.150.12.14,router-core,tacacs,1,normal,0
2024-01-03 14:50:00,svc_deploy,service,162.150.19.8,git-runner,tacacs,1,normal,0
2024-01-03 14:52:00,alopez,user,73.26.0.1,intranet,radius,1,normal,0
2024-01-03 15:02:00,net_admin2,admin,172.16.144.25,router-core,tacacs,1,normal,0
2024-01-03 15:43:00,alopez,user,73.4.112.1,vpn,radius,1,normal,0
2024-01-03 16:20:00,jsmith,user,10.4.224.40,intranet,radius,0,normal,0
2024-01-03 16:20:00,svc_monitor,service,184.29.61.19,cmts-mgmt,tacacs,1,normal,0
2024-01-03 16:46:00,svc_deploy,service,162.150.0.10,git-runner,tacacs,1,normal,0
2024-01-03 16:57:00,fieldtech_b,field,96.29.64.1,provisioning,radius,1,normal,0
2024-01-03 17:49:00,net_admin1,admin,69.252.84.11,router-core,tacacs,1,normal,0
2024-01-03 17:59:00,tchan,user,100.74.144.3,vpn,radius,1,normal,0
2024-01-03 18:01:00,svc_backup,service,162.150.6.12,storage-mgmt,tacacs,1,normal,0
2024-01-03 18:05:00,fieldtech_a,field,73.30.112.50,provisioning,radius,1,normal,0
2024-01-03 18:53:00,fieldtech_b,field,96.8.80.1,provisioning,radius,1,normal,0
2024-01-03 19:03:00,svc_backup,service,69.252.80.2,storage-mgmt,tacacs,1,normal,0
2024-01-03 19:12:00,fieldtech_a,field,73.12.0.50,cmts-mgmt,radius,1,normal,0
2024-01-03 19:31:00,svc_deploy,service,162.150.0.14,deploy-host,tacacs,1,normal,0
2024-01-03 21:10:00,svc_backup,service,162.150.2.4,storage-mgmt,tacacs,1,normal,0
2024-01-03 22:22:00,svc_monitor,service,69.252.86.16,router-mgmt,tacacs,1,normal,0
2024-01-04 01:10:00,svc_monitor,service,172.18.0.15,cmts-mgmt,tacacs,1,normal,0
2024-01-04 02:55:00,svc_backup,service,69.252.99.11,backup-svr,tacacs,1,normal,0
2024-01-04 03:03:00,svc_monitor,service,69.252.88.17,cmts-mgmt,tacacs,1,normal,0
2024-01-04 03:04:00,svc_monitor,service,69.252.96.1,cmts-mgmt,tacacs,1,normal,0
2024-01-04 07:44:00,svc_deploy,service,184.29.55.10,git-runner,tacacs,1,normal,0
2024-01-04 07:48:00,svc_backup,service,184.29.67.14,backup-svr,tacacs,0,normal,0
2024-01-04 07:51:00,svc_monitor,service,184.29.52.6,cmts-mgmt,tacacs,1,normal,0
2024-01-04 08:06:00,fieldtech_b,field,100.67.208.1,cmts-mgmt,radius,1,normal,0
2024-01-04 08:43:00,fieldtech_b,field,100.65.80.2,provisioning,radius,1,normal,0
2024-01-04 08:55:00,net_admin2,admin,162.150.2.8,router-core,tacacs,1,normal,0
2024-01-04 09:29:00,mwilliams,user,10.4.224.30,vpn,radius,1,normal,0
2024-01-04 11:08:00,svc_deploy,service,162.150.15.19,git-runner,tacacs,1,normal,0
2024-01-04 11:30:00,svc_backup,service,162.150.18.1,storage-mgmt,tacacs,1,normal,0
2024-01-04 14:25:00,jsmith,user,100.67.40.3,intranet,radius,1,normal,0
2024-01-04 15:23:00,svc_backup,service,69.252.96.6,storage-mgmt,tacacs,1,normal,0
2024-01-04 17:46:00,svc_deploy,service,162.150.17.15,deploy-host,tacacs,1,normal,0
2024-01-04 17:58:00,svc_backup,service,184.29.55.12,storage-mgmt,tacacs,1,normal,0
2024-01-04 20:59:00,svc_backup,service,69.252.85.2,storage-mgmt,tacacs,1,normal,0
2024-01-04 23:58:00,svc_backup,service,184.29.63.12,storage-mgmt,tacacs,1,normal,0
2024-01-05 00:50:00,svc_backup,service,69.252.91.10,backup-svr,tacacs,1,normal,0
2024-01-05 01:19:00,svc_backup,service,184.29.69.9,backup-svr,tacacs,1,normal,0
2024-01-05 01:51:00,svc_monitor,service,184.29.53.2,router-mgmt,tacacs,0,normal,0
2024-01-05 02:10:00,svc_monitor,service,69.252.84.18,cmts-mgmt,tacacs,1,normal,0
2024-01-05 03:35:00,svc_deploy,service,184.29.57.16,deploy-host,tacacs,1,normal,0
2024-01-05 03:36:00,net_admin1,admin,172.18.176.15,router-core,tacacs,1,off_hours_admin,1
2024-01-05 05:44:00,svc_monitor,service,184.29.62.9,cmts-mgmt,tacacs,1,normal,0
2024-01-05 06:18:00,svc_deploy,service,162.150.19.15,deploy-host,tacacs,1,normal,0
2024-01-05 08:17:00,svc_monitor,service,172.19.160.15,cmts-mgmt,tacacs,1,normal,0
2024-01-05 08:20:00,svc_monitor,service,172.17.96.25,router-mgmt,tacacs,1,normal,0
2024-01-05 08:21:00,rjohnson,user,50.200.19.1,webmail,radius,1,normal,0
2024-01-05 08:51:00,rjohnson,user,50.200.3.1,webmail,radius,1,normal,0
2024-01-05 09:05:00,svc_monitor,service,172.18.128.5,router-mgmt,tacacs,1,normal,0
2024-01-05 09:43:00,svc_monitor,service,184.29.63.9,cmts-mgmt,tacacs,1,normal,0
2024-01-05 10:00:00,svc_deploy,service,184.29.69.15,deploy-host,tacacs,1,normal,0
2024-01-05 10:14:00,svc_monitor,service,172.19.48.15,cmts-mgmt,tacacs,1,normal,0
2024-01-05 11:23:00,mwilliams,user,10.1.64.30,vpn,radius,1,normal,0
2024-01-05 12:16:00,net_admin2,admin,162.150.3.16,switch-mgmt,tacacs,1,normal,0
2024-01-05 12:17:00,svc_backup,service,69.252.83.16,storage-mgmt,tacacs,1,normal,0
2024-01-05 12:41:00,svc_monitor,service,69.252.85.5,cmts-mgmt,tacacs,1,normal,0
2024-01-05 12:44:00,fieldtech_b,field,10.3.224.50,provisioning,radius,1,normal,0
2024-01-05 13:57:00,jsmith,user,10.2.0.40,webmail,radius,1,normal,0
2024-01-05 15:04:00,tchan,user,100.68.248.3,vpn,radius,1,normal,0
2024-01-05 15:06:00,svc_backup,service,184.29.53.12,backup-svr,tacacs,1,normal,0
2024-01-05 16:34:00,fieldtech_a,field,100.90.48.1,provisioning,radius,1,normal,0
2024-01-05 16:51:00,svc_backup,service,69.252.94.12,storage-mgmt,tacacs,1,normal,0
2024-01-05 16:57:00,svc_monitor,service,184.29.51.13,cmts-mgmt,tacacs,1,normal,0
2024-01-05 17:09:00,svc_deploy,service,184.29.58.15,git-runner,tacacs,1,normal,0
2024-01-05 17:10:00,mwilliams,user,69.252.99.5,vpn,radius,1,impossible_velocity,1
2024-01-05 17:12:00,mwilliams,user,162.150.0.1,vpn,radius,1,impossible_velocity,1
2024-01-05 17:15:00,svc_monitor,service,69.252.94.4,router-mgmt,tacacs,1,normal,0
2024-01-05 17:34:00,alopez,user,10.4.32.20,vpn,radius,1,normal,0
2024-01-05 17:41:00,svc_backup,service,69.252.91.2,storage-mgmt,tacacs,1,normal,0
2024-01-05 17:54:00,svc_monitor,service,184.29.52.12,cmts-mgmt,tacacs,1,normal,0
2024-01-05 18:57:00,svc_backup,service,184.29.63.4,storage-mgmt,tacacs,1,normal,0
2024-01-05 19:00:00,svc_deploy,service,184.29.60.5,git-runner,tacacs,1,normal,0
2024-01-05 19:23:00,svc_deploy,service,162.150.1.6,deploy-host,tacacs,1,normal,0
2024-01-05 21:11:00,svc_backup,service,162.150.6.13,backup-svr,tacacs,1,normal,0
2024-01-05 21:15:00,svc_monitor,service,69.252.97.7,cmts-mgmt,tacacs,1,normal,0
2024-01-05 22:24:00,svc_deploy,service,184.29.64.6,git-runner,tacacs,1,normal,0
2024-01-05 22:30:00,svc_deploy,service,162.150.11.2,deploy-host,tacacs,1,normal,0
2024-01-06 01:48:00,svc_monitor,service,184.29.52.8,cmts-mgmt,tacacs,1,normal,0
2024-01-06 02:55:00,svc_deploy,service,162.150.10.13,deploy-host,tacacs,1,normal,0
2024-01-06 03:00:00,svc_deploy,service,184.29.60.1,deploy-host,tacacs,1,normal,0
2024-01-06 04:29:00,svc_backup,service,69.252.90.6,backup-svr,tacacs,1,normal,0
2024-01-06 05:45:00,svc_monitor,service,69.252.93.17,router-mgmt,tacacs,1,normal,0
2024-01-06 05:52:00,svc_deploy,service,162.150.5.10,git-runner,tacacs,1,normal,0
2024-01-06 05:53:00,svc_backup,service,69.252.82.6,storage-mgmt,tacacs,1,normal,0
2024-01-06 07:30:00,fieldtech_b,field,10.2.192.10,cmts-mgmt,radius,1,normal,0
2024-01-06 07:41:00,svc_backup,service,69.252.81.16,backup-svr,tacacs,1,normal,0
2024-01-06 08:10:00,jsmith,user,69.252.91.1,vpn,radius,1,impossible_velocity,1
2024-01-06 08:13:00,jsmith,user,162.150.11.9,vpn,radius,1,impossible_velocity,1
2024-01-06 08:46:00,svc_deploy,service,184.29.68.15,deploy-host,tacacs,1,normal,0
2024-01-06 08:57:00,rjohnson,user,50.200.18.1,vpn,radius,1,normal,0
2024-01-06 10:40:00,tchan,user,100.86.128.1,vpn,radius,1,normal,0
2024-01-06 10:45:00,root,root,185.220.31.50,router-core,tacacs,0,root_login,1
2024-01-06 10:58:00,svc_monitor,service,69.252.99.18,cmts-mgmt,tacacs,1,normal,0
2024-01-06 11:02:00,tchan,user,96.2.128.100,webmail,radius,1,normal,0
2024-01-06 11:09:00,fieldtech_b,field,10.1.128.10,cmts-mgmt,radius,1,normal,0
2024-01-06 11:20:00,fieldtech_a,field,73.8.96.1,cmts-mgmt,radius,1,normal,0
2024-01-06 11:25:00,fieldtech_b,field,96.31.48.1,provisioning,radius,1,normal,0
2024-01-06 11:25:00,svc_monitor,service,69.252.93.7,router-mgmt,tacacs,1,normal,0
2024-01-06 11:29:00,net_admin2,admin,184.29.54.11,router-core,tacacs,1,normal,0
2024-01-06 11:42:00,svc_deploy,service,184.29.58.11,git-runner,tacacs,1,normal,0
2024-01-06 12:20:00,svc_deploy,service,162.150.15.3,git-runner,tacacs,1,normal,0
2024-01-06 12:32:00,svc_backup,service,184.29.51.4,storage-mgmt,tacacs,1,normal,0
2024-01-06 12:41:00,svc_monitor,service,184.29.63.8,cmts-mgmt,tacacs,1,normal,0
2024-01-06 13:52:00,svc_monitor,service,69.252.83.16,router-mgmt,tacacs,1,normal,0
2024-01-06 14:10:00,net_admin2,admin,172.19.192.25,router-core,tacacs,1,normal,0
2024-01-06 14:53:00,net_admin1,admin,69.252.91.17,router-core,tacacs,1,normal,0
2024-01-06 14:54:00,rjohnson,user,96.14.64.100,webmail,radius,1,normal,0
2024-01-06 14:59:00,alopez,user,10.4.160.50,intranet,radius,1,normal,0
2024-01-06 15:00:00,net_admin1,admin,172.16.0.5,cmts,tacacs,0,normal,0
2024-01-06 15:19:00,svc_backup,service,184.29.62.5,storage-mgmt,tacacs,1,normal,0
2024-01-06 15:21:00,mwilliams,user,50.200.13.1,intranet,radius,1,normal,0
2024-01-06 15:35:00,net_admin1,admin,50.200.11.1,router-core,tacacs,1,normal,0
2024-01-06 16:31:00,jsmith,user,10.1.32.50,webmail,radius,1,normal,0
2024-01-06 17:09:00,svc_deploy,service,184.29.57.6,deploy-host,tacacs,1,normal,0
2024-01-06 17:27:00,svc_deploy,service,162.150.3.16,git-runner,tacacs,1,normal,0
2024-01-06 20:07:00,svc_monitor,service,172.19.240.15,router-mgmt,tacacs,1,normal,0
2024-01-06 22:15:00,svc_backup,service,162.150.8.2,backup-svr,tacacs,1,normal,0
2024-01-07 03:29:00,svc_monitor,service,172.19.0.25,cmts-mgmt,tacacs,1,normal,0
2024-01-07 04:54:00,svc_deploy,service,162.150.12.14,deploy-host,tacacs,1,normal,0
2024-01-07 06:48:00,fieldtech_b,field,10.4.224.20,cmts-mgmt,radius,1,normal,0
2024-01-07 07:05:00,svc_backup,service,162.150.10.3,storage-mgmt,tacacs,0,normal,0
2024-01-07 07:32:00,svc_backup,service,69.252.93.11,storage-mgmt,tacacs,1,normal,0
2024-01-07 07:49:00,fieldtech_a,field,10.4.160.50,provisioning,radius,1,normal,0
2024-01-07 08:12:00,svc_deploy,service,184.29.56.17,deploy-host,tacacs,1,normal,0
2024-01-07 08:30:00,net_admin2,admin,184.29.64.2,router-core,tacacs,1,normal,0
2024-01-07 08:30:00,svc_backup,service,184.29.63.5,backup-svr,tacacs,1,normal,0
2024-01-07 09:37:00,svc_deploy,service,184.29.59.6,deploy-host,tacacs,1,normal,0
2024-01-07 09:47:00,alopez,user,73.13.112.1,vpn,radius,1,normal,0
2024-01-07 09:53:00,svc_deploy,service,184.29.53.8,deploy-host,tacacs,1,normal,0
2024-01-07 10:18:00,jsmith,user,96.12.16.200,intranet,radius,1,normal,0
2024-01-07 10:49:00,net_admin1,admin,50.200.5.1,cmts,tacacs,1,normal,0
2024-01-07 12:03:00,fieldtech_b,field,10.1.0.40,cmts-mgmt,radius,1,normal,0
2024-01-07 12:14:00,svc_backup,service,69.252.91.6,storage-mgmt,tacacs,1,normal,0
2024-01-07 12:16:00,mwilliams,user,73.21.0.1,vpn,radius,1,normal,0
2024-01-07 12:19:00,svc_backup,service,69.252.98.5,storage-mgmt,tacacs,1,normal,0
2024-01-07 12:40:00,rjohnson,user,50.200.11.1,webmail,radius,1,normal,0
2024-01-07 12:40:00,svc_backup,service,69.252.89.10,backup-svr,tacacs,1,normal,0
2024-01-07 12:47:00,net_admin2,admin,172.19.80.5,switch-mgmt,tacacs,1,normal,0
2024-01-07 14:00:00,svc_deploy,service,162.150.2.19,deploy-host,tacacs,1,normal,0
2024-01-07 14:25:00,svc_monitor,service,69.252.95.8,cmts-mgmt,tacacs,1,normal,0
2024-01-07 14:39:00,fieldtech_b,field,96.19.0.1,cmts-mgmt,radius,1,normal,0
2024-01-07 14:50:00,svc_monitor,service,184.29.62.15,router-mgmt,tacacs,1,normal,0
2024-01-07 14:51:00,svc_deploy,service,184.29.52.8,git-runner,tacacs,1,normal,0
2024-01-07 15:03:00,mwilliams,user,73.27.16.150,sharepoint,radius,1,normal,0
2024-01-07 15:10:00,svc_monitor,service,184.29.55.19,cmts-mgmt,tacacs,1,normal,0
2024-01-07 15:10:00,jsmith,user,69.252.93.5,vpn,radius,1,impossible_velocity,1
2024-01-07 15:13:00,jsmith,user,162.150.0.12,vpn,radius,1,impossible_velocity,1
2024-01-07 15:18:00,svc_backup,service,162.150.4.8,backup-svr,tacacs,1,normal,0
2024-01-07 15:21:00,net_admin2,admin,172.19.224.25,router-core,tacacs,1,normal,0
2024-01-07 15:33:00,rjohnson,user,96.10.192.100,webmail,radius,1,normal,0
2024-01-07 16:00:00,net_admin1,admin,172.16.0.5,firewall,tacacs,1,normal,0
2024-01-07 16:03:00,net_admin1,admin,50.200.13.1,router-core,tacacs,1,normal,0
2024-01-07 16:10:00,mwilliams,user,73.25.192.150,vpn,radius,1,normal,0
2024-01-07 16:25:00,svc_monitor,service,69.252.98.15,cmts-mgmt,tacacs,1,normal,0
2024-01-07 17:37:00,svc_backup,service,162.150.19.12,backup-svr,tacacs,1,normal,0
2024-01-07 17:53:00,tchan,user,10.2.224.10,vpn,radius,1,normal,0
2024-01-07 18:05:00,svc_deploy,service,162.150.8.5,deploy-host,tacacs,1,normal,0
2024-01-07 18:14:00,tchan,user,96.19.64.1,vpn,radius,1,normal,0
2024-01-07 18:52:00,net_admin1,admin,50.200.16.1,firewall,tacacs,1,normal,0
2024-01-07 18:53:00,svc_deploy,service,162.150.6.11,deploy-host,tacacs,1,normal,0
2024-01-07 20:27:00,svc_backup,service,184.29.54.4,storage-mgmt,tacacs,1,normal,0
2024-01-07 21:24:00,svc_deploy,service,162.150.6.17,deploy-host,tacacs,1,normal,0
2024-01-08 00:55:00,svc_monitor,service,184.29.63.6,cmts-mgmt,tacacs,1,normal,0
2024-01-08 01:35:00,svc_backup,service,162.150.14.6,backup-svr,tacacs,1,normal,0
2024-01-08 02:14:00,svc_backup,service,69.252.90.8,backup-svr,tacacs,1,normal,0
2024-01-08 02:26:00,svc_deploy,service,162.150.7.13,git-runner,tacacs,1,normal,0
2024-01-08 04:50:00,svc_backup,service,162.150.8.19,backup-svr,tacacs,1,normal,0
2024-01-08 04:53:00,svc_monitor,service,69.252.85.16,cmts-mgmt,tacacs,1,normal,0
2024-01-08 05:46:00,svc_deploy,service,184.29.52.10,git-runner,tacacs,1,normal,0
2024-01-08 06:38:00,svc_monitor,service,172.17.16.15,cmts-mgmt,tacacs,1,normal,0
2024-01-08 06:42:00,svc_monitor,service,172.17.0.5,cmts-mgmt,tacacs,1,normal,0
2024-01-08 09:32:00,mwilliams,user,50.200.3.1,vpn,radius,1,normal,0
2024-01-08 10:07:00,mwilliams,user,73.17.208.150,sharepoint,radius,1,normal,0
2024-01-08 10:57:00,net_admin2,admin,172.17.96.25,router-core,tacacs,1,normal,0
2024-01-08 11:33:00,svc_monitor,service,69.252.99.13,router-mgmt,tacacs,0,normal,0
2024-01-08 11:34:00,jsmith,user,10.1.160.40,webmail,radius,1,normal,0
2024-01-08 12:18:00,svc_monitor,service,172.16.0.5,router-mgmt,tacacs,1,normal,0
2024-01-08 15:04:00,net_admin2,admin,172.16.0.25,router-core,tacacs,1,normal,0
2024-01-08 15:31:00,root,root,185.220.54.50,firewall,radius,0,root_login,1
2024-01-08 15:53:00,svc_backup,service,184.29.52.18,storage-mgmt,tacacs,1,normal,0
2024-01-08 16:51:00,svc_deploy,service,162.150.15.4,git-runner,tacacs,1,normal,0
2024-01-08 17:24:00,svc_monitor,service,69.252.91.4,router-mgmt,tacacs,1,normal,0
2024-01-08 18:48:00,svc_monitor,service,69.252.82.5,router-mgmt,tacacs,1,normal,0
2024-01-08 19:35:00,svc_backup,service,69.252.86.4,backup-svr,tacacs,1,normal,0
2024-01-08 22:28:00,svc_monitor,service,69.252.82.4,router-mgmt,tacacs,1,normal,0
2024-01-08 22:44:00,svc_deploy,service,162.150.15.15,git-runner,tacacs,1,normal,0
2024-01-09 00:59:00,svc_monitor,service,69.252.90.15,router-mgmt,tacacs,1,normal,0
2024-01-09 05:23:00,svc_monitor,service,172.19.16.5,router-mgmt,tacacs,1,normal,0
2024-01-09 06:31:00,svc_monitor,service,184.29.56.3,cmts-mgmt,tacacs,1,normal,0
2024-01-09 08:24:00,fieldtech_a,field,10.2.160.10,cmts-mgmt,radius,1,normal,0
2024-01-09 08:38:00,svc_deploy,service,184.29.56.16,deploy-host,tacacs,1,normal,0
2024-01-09 08:43:00,net_admin2,admin,172.16.224.25,switch-mgmt,tacacs,1,normal,0
2024-01-09 09:06:00,net_admin2,admin,184.29.51.2,router-core,tacacs,1,normal,0
2024-01-09 09:24:00,alopez,user,10.2.0.10,intranet,radius,1,normal,0
2024-01-09 09:31:00,svc_monitor,service,69.252.86.12,router-mgmt,tacacs,1,normal,0
2024-01-09 09:49:00,svc_monitor,service,172.17.48.15,router-mgmt,tacacs,1,normal,0
2024-01-09 09:57:00,svc_backup,service,69.252.87.12,backup-svr,tacacs,1,normal,0
2024-01-09 10:15:00,svc_monitor,service,184.29.60.2,cmts-mgmt,tacacs,1,normal,0
2024-01-09 11:20:00,fieldtech_b,field,10.1.64.10,cmts-mgmt,radius,1,normal,0
2024-01-09 12:11:00,net_admin1,admin,172.18.144.25,router-core,tacacs,1,normal,0
2024-01-09 12:30:00,svc_deploy,service,162.150.9.11,git-runner,tacacs,1,normal,0
2024-01-09 12:38:00,svc_backup,service,69.252.99.17,storage-mgmt,tacacs,1,normal,0
2024-01-09 13:01:00,svc_monitor,service,69.252.83.16,router-mgmt,tacacs,1,normal,0
2024-01-09 13:03:00,net_admin1,admin,172.19.128.25,firewall,tacacs,1,normal,0
2024-01-09 13:47:00,fieldtech_a,field,172.19.208.5,firewall,tacacs,1,lateral_movement,1
2024-01-09 15:01:00,svc_deploy,service,184.29.55.1,git-runner,tacacs,1,normal,0
2024-01-09 16:32:00,svc_deploy,service,162.150.9.17,git-runner,tacacs,1,normal,0
2024-01-09 16:34:00,net_admin1,admin,69.252.84.12,firewall,tacacs,1,normal,0
2024-01-09 17:14:00,fieldtech_b,field,73.24.176.50,cmts-mgmt,radius,1,normal,0
2024-01-09 17:15:00,net_admin1,admin,50.200.2.1,cmts,tacacs,1,normal,0
2024-01-09 17:30:00,jsmith,user,100.70.8.1,intranet,radius,1,normal,0
2024-01-09 17:31:00,jsmith,user,10.1.96.50,intranet,radius,1,normal,0
2024-01-09 18:34:00,svc_monitor,service,69.252.87.16,cmts-mgmt,tacacs,1,normal,0
2024-01-09 21:29:00,svc_deploy,service,184.29.57.11,deploy-host,tacacs,1,normal,0
2024-01-09 23:24:00,svc_deploy,service,162.150.4.3,git-runner,tacacs,1,normal,0
2024-01-10 00:03:00,svc_deploy,service,184.29.53.6,git-runner,tacacs,1,normal,0
2024-01-10 00:41:00,svc_deploy,service,162.150.9.17,deploy-host,tacacs,0,normal,0
2024-01-10 01:08:00,svc_monitor,service,172.19.96.5,cmts-mgmt,tacacs,1,normal,0
2024-01-10 02:19:00,svc_deploy,service,184.29.52.7,git-runner,tacacs,1,normal,0
2024-01-10 02:23:00,svc_monitor,service,172.19.192.15,router-mgmt,tacacs,1,normal,0
2024-01-10 02:46:00,svc_deploy,service,184.29.54.13,deploy-host,tacacs,1,normal,0
2024-01-10 03:50:00,svc_monitor,service,172.16.144.5,router-mgmt,tacacs,1,normal,0
2024-01-10 03:58:00,net_admin1,admin,185.220.44.50,firewall,tacacs,1,off_hours_admin,1
2024-01-10 04:08:00,svc_backup,service,162.150.9.17,storage-mgmt,tacacs,1,normal,0
2024-01-10 05:03:00,svc_backup,service,69.252.81.14,backup-svr,tacacs,1,normal,0
2024-01-10 05:48:00,root,root,172.18.128.25,cmts,radius,0,root_login,1
2024-01-10 06:23:00,svc_backup,service,69.252.82.14,storage-mgmt,tacacs,1,normal,0
2024-01-10 06:45:00,svc_deploy,service,162.150.6.15,deploy-host,tacacs,1,normal,0
2024-01-10 08:22:00,svc_backup,service,184.29.60.15,backup-svr,tacacs,1,normal,0
2024-01-10 08:26:00,svc_backup,service,69.252.91.2,backup-svr,tacacs,1,normal,0
2024-01-10 09:55:00,rjohnson,user,96.26.224.100,vpn,radius,1,normal,0
2024-01-10 10:16:00,svc_backup,service,69.252.89.16,backup-svr,tacacs,0,normal,0
2024-01-10 12:08:00,net_admin2,admin,172.16.0.15,router-core,tacacs,1,normal,0
2024-01-10 12:38:00,svc_deploy,service,184.29.66.10,deploy-host,tacacs,1,normal,0
2024-01-10 14:14:00,net_admin1,admin,172.17.96.15,cmts,tacacs,1,normal,0
2024-01-10 14:22:00,net_admin1,admin,69.252.86.15,firewall,tacacs,1,normal,0
2024-01-10 14:41:00,svc_backup,service,184.29.59.5,storage-mgmt,tacacs,1,normal,0
2024-01-10 14:44:00,alopez,user,10.2.128.30,intranet,radius,1,normal,0
2024-01-10 15:11:00,svc_backup,service,185.220.33.50,intranet,radius,1,svc_account_interactive,1
2024-01-10 15:25:00,svc_monitor,service,69.252.92.5,cmts-mgmt,tacacs,1,normal,0
2024-01-10 15:28:00,fieldtech_b,field,73.31.224.1,provisioning,radius,1,normal,0
2024-01-10 16:03:00,svc_deploy,service,184.29.53.4,deploy-host,tacacs,1,normal,0
2024-01-10 16:41:00,net_admin2,admin,172.17.112.5,router-core,tacacs,1,normal,0
2024-01-10 16:49:00,net_admin1,admin,172.19.64.15,router-core,tacacs,1,normal,0
2024-01-10 16:55:00,tchan,user,10.2.32.50,webmail,radius,0,normal,0
2024-01-10 17:11:00,svc_backup,service,162.150.4.9,backup-svr,tacacs,1,normal,0
2024-01-10 17:29:00,alopez,user,172.16.80.25,intranet,radius,1,normal,0
2024-01-10 17:38:00,svc_deploy,service,162.150.7.6,git-runner,tacacs,1,normal,0
2024-01-10 17:43:00,svc_monitor,service,69.252.80.7,cmts-mgmt,tacacs,1,normal,0
2024-01-10 18:28:00,fieldtech_b,field,96.1.64.1,cmts-mgmt,radius,1,normal,0
2024-01-10 20:21:00,svc_backup,service,69.252.86.18,storage-mgmt,tacacs,1,normal,0
2024-01-10 21:38:00,svc_backup,service,162.150.2.11,storage-mgmt,tacacs,1,normal,0
2024-01-10 22:44:00,svc_deploy,service,162.150.8.16,git-runner,tacacs,1,normal,0
2024-01-10 23:07:00,svc_backup,service,69.252.93.1,storage-mgmt,tacacs,1,normal,0
2024-01-11 01:15:00,svc_deploy,service,162.150.4.1,deploy-host,tacacs,0,normal,0
2024-01-11 02:56:00,svc_backup,service,184.29.61.17,backup-svr,tacacs,1,normal,0
2024-01-11 04:34:00,svc_monitor,service,69.252.83.18,cmts-mgmt,tacacs,0,normal,0
2024-01-11 04:36:00,svc_monitor,service,172.16.144.15,cmts-mgmt,tacacs,1,normal,0
2024-01-11 05:22:00,svc_backup,service,184.29.62.10,storage-mgmt,tacacs,1,normal,0
2024-01-11 05:35:00,svc_deploy,service,184.29.52.5,deploy-host,tacacs,1,normal,0
2024-01-11 07:02:00,svc_monitor,service,172.16.32.5,router-mgmt,tacacs,1,normal,0
2024-01-11 07:51:00,svc_deploy,service,162.150.6.11,git-runner,tacacs,1,normal,0
2024-01-11 07:59:00,svc_monitor,service,172.19.32.5,router-mgmt,tacacs,1,normal,0
2024-01-11 08:46:00,jsmith,user,10.3.160.10,intranet,radius,1,normal,0
2024-01-11 08:59:00,net_admin2,admin,162.150.15.11,router-core,tacacs,1,normal,0
2024-01-11 09:26:00,net_admin1,admin,172.16.240.5,router-core,tacacs,1,normal,0
2024-01-11 09:29:00,svc_deploy,service,184.29.67.3,git-runner,tacacs,1,normal,0
2024-01-11 10:11:00,jsmith,user,100.90.104.3,intranet,radius,1,normal,0
2024-01-11 11:01:00,net_admin1,admin,172.19.112.25,cmts,tacacs,1,normal,0
2024-01-11 11:13:00,root,root,172.18.208.25,firewall,radius,1,root_login,1
2024-01-11 11:32:00,net_admin2,admin,184.29.57.16,switch-mgmt,tacacs,1,normal,0
2024-01-11 11:50:00,svc_deploy,service,162.150.7.16,deploy-host,tacacs,1,normal,0
2024-01-11 12:06:00,svc_backup,service,69.252.83.9,storage-mgmt,tacacs,1,normal,0
2024-01-11 12:57:00,fieldtech_b,field,96.12.80.1,cmts-mgmt,radius,1,normal,0
2024-01-11 13:10:00,alopez,user,69.252.95.4,vpn,radius,1,impossible_velocity,1
2024-01-11 13:12:00,alopez,user,162.150.0.18,vpn,radius,1,impossible_velocity,1
2024-01-11 13:14:00,tchan,user,100.81.216.3,vpn,radius,1,normal,0
2024-01-11 13:25:00,jsmith,user,100.80.120.1,intranet,radius,1,normal,0
2024-01-11 14:05:00,svc_deploy,service,184.29.53.16,deploy-host,tacacs,1,normal,0
2024-01-11 14:18:00,svc_monitor,service,184.29.57.16,cmts-mgmt,tacacs,1,normal,0
2024-01-11 14:46:00,tchan,user,10.1.128.50,webmail,radius,1,normal,0
2024-01-11 15:19:00,mwilliams,user,50.200.16.1,sharepoint,radius,0,normal,0
2024-01-11 16:12:00,net_admin1,admin,172.17.160.25,firewall,tacacs,1,normal,0
2024-01-11 16:48:00,svc_deploy,service,184.29.57.6,git-runner,tacacs,1,normal,0
2024-01-11 17:17:00,fieldtech_b,field,96.31.128.100,provisioning,radius,1,normal,0
2024-01-11 18:51:00,fieldtech_b,field,100.79.168.2,provisioning,radius,1,normal,0
2024-01-11 21:53:00,svc_monitor,service,69.252.94.8,cmts-mgmt,tacacs,1,normal,0
2024-01-12 01:19:00,svc_monitor,service,172.18.176.25,cmts-mgmt,tacacs,1,normal,0
2024-01-12 01:34:00,svc_backup,service,162.150.16.4,backup-svr,tacacs,1,normal,0
2024-01-12 02:03:00,svc_deploy,service,184.29.61.11,deploy-host,tacacs,1,normal,0
2024-01-12 02:13:00,svc_monitor,service,184.29.52.13,router-mgmt,tacacs,1,normal,0
2024-01-12 02:25:00,svc_monitor,service,69.252.93.6,cmts-mgmt,tacacs,1,normal,0
2024-01-12 03:27:00,svc_monitor,service,69.252.80.17,router-mgmt,tacacs,1,normal,0
2024-01-12 04:22:00,svc_backup,service,69.252.97.18,storage-mgmt,tacacs,1,normal,0
2024-01-12 04:47:00,svc_backup,service,69.252.91.11,backup-svr,tacacs,1,normal,0
2024-01-12 07:12:00,net_admin1,admin,69.252.82.17,firewall,tacacs,1,normal,0
2024-01-12 09:23:00,alopez,user,73.27.160.1,intranet,radius,1,normal,0
2024-01-12 09:24:00,svc_monitor,service,69.252.89.6,router-mgmt,tacacs,1,normal,0
2024-01-12 09:42:00,svc_deploy,service,162.150.10.11,git-runner,tacacs,1,normal,0
2024-01-12 09:50:00,svc_backup,service,184.29.60.8,storage-mgmt,tacacs,1,normal,0
2024-01-12 10:17:00,mwilliams,user,73.14.96.150,sharepoint,radius,1,normal,0
2024-01-12 10:44:00,mwilliams,user,10.1.0.40,sharepoint,radius,1,normal,0
2024-01-12 11:46:00,svc_monitor,service,184.29.68.10,cmts-mgmt,tacacs,1,normal,0
2024-01-12 11:54:00,svc_deploy,service,162.150.4.3,deploy-host,tacacs,1,normal,0
2024-01-12 12:10:00,jsmith,user,69.252.83.1,vpn,radius,1,impossible_velocity,1
2024-01-12 12:13:00,jsmith,user,162.150.1.15,vpn,radius,1,impossible_velocity,1
2024-01-12 12:16:00,fieldtech_b,field,73.25.80.1,cmts-mgmt,radius,1,normal,0
2024-01-12 13:53:00,net_admin1,admin,69.252.93.7,router-core,tacacs,1,normal,0
2024-01-12 14:05:00,fieldtech_b,field,10.1.192.20,cmts-mgmt,radius,1,normal,0
2024-01-12 14:28:00,rjohnson,user,100.75.128.2,webmail,radius,1,normal,0
2024-01-12 14:31:00,jsmith,user,100.84.96.3,intranet,radius,0,normal,0
2024-01-12 14:41:00,svc_deploy,service,184.29.65.3,git-runner,tacacs,1,normal,0
2024-01-12 15:16:00,svc_backup,service,184.29.64.3,storage-mgmt,tacacs,1,normal,0
2024-01-12 15:36:00,svc_deploy,service,162.150.17.17,deploy-host,tacacs,1,normal,0
2024-01-12 15:45:00,svc_deploy,service,184.29.58.3,git-runner,tacacs,1,normal,0
2024-01-12 16:30:00,svc_backup,service,185.220.63.50,intranet,radius,1,svc_account_interactive,1
2024-01-12 17:41:00,svc_backup,service,162.150.19.19,storage-mgmt,tacacs,1,normal,0
2024-01-12 18:06:00,svc_deploy,service,184.29.54.1,deploy-host,tacacs,1,normal,0
2024-01-12 18:10:00,tchan,user,96.15.0.100,webmail,radius,1,normal,0
2024-01-12 18:38:00,svc_monitor,service,172.17.160.5,cmts-mgmt,tacacs,1,normal,0
2024-01-12 19:00:00,svc_backup,service,69.252.85.14,backup-svr,tacacs,1,normal,0
2024-01-12 19:04:00,svc_backup,service,162.150.12.6,backup-svr,tacacs,1,normal,0
2024-01-12 19:58:00,svc_backup,service,162.150.11.13,backup-svr,tacacs,1,normal,0
2024-01-12 20:13:00,svc_deploy,service,184.29.69.14,git-runner,tacacs,1,normal,0
2024-01-12 21:16:00,svc_deploy,service,184.29.57.9,deploy-host,tacacs,1,normal,0
2024-01-12 21:39:00,svc_backup,service,162.150.17.13,storage-mgmt,tacacs,1,normal,0
2024-01-12 23:33:00,svc_backup,service,69.252.80.18,backup-svr,tacacs,1,normal,0
2024-01-13 00:59:00,svc_monitor,service,172.18.80.5,cmts-mgmt,tacacs,1,normal,0
2024-01-13 01:01:00,svc_deploy,service,184.29.53.16,git-runner,tacacs,1,normal,0
2024-01-13 01:20:00,svc_backup,service,184.29.69.7,backup-svr,tacacs,1,normal,0
2024-01-13 01:59:00,svc_deploy,service,162.150.7.19,deploy-host,tacacs,1,normal,0
2024-01-13 02:02:00,svc_backup,service,69.252.91.9,backup-svr,tacacs,1,normal,0
2024-01-13 03:00:00,jsmith,user,185.220.2.1,vpn,radius,0,credential_stuffing,1
2024-01-13 03:00:08,mwilliams,user,185.220.2.1,vpn,radius,0,credential_stuffing,1
2024-01-13 03:00:16,tchan,user,185.220.2.1,vpn,radius,0,credential_stuffing,1
2024-01-13 03:00:24,alopez,user,185.220.2.1,vpn,radius,0,credential_stuffing,1
2024-01-13 03:00:32,rjohnson,user,185.220.2.1,vpn,radius,1,credential_stuffing,1
2024-01-13 03:00:40,net_admin1,user,185.220.2.1,vpn,radius,0,credential_stuffing,1
2024-01-13 03:00:48,fieldtech_a,user,185.220.2.1,vpn,radius,0,credential_stuffing,1
2024-01-13 03:00:56,u_bogus1,user,185.220.2.1,vpn,radius,0,credential_stuffing,1
2024-01-13 03:01:04,u_bogus2,user,185.220.2.1,vpn,radius,0,credential_stuffing,1
2024-01-13 03:01:12,u_bogus3,user,185.220.2.1,vpn,radius,0,credential_stuffing,1
2024-01-13 03:01:20,u_bogus4,user,185.220.2.1,vpn,radius,0,credential_stuffing,1
2024-01-13 03:01:28,u_bogus5,user,185.220.2.1,vpn,radius,0,credential_stuffing,1
2024-01-13 03:14:00,net_admin1,admin,172.16.128.5,firewall,tacacs,1,off_hours_admin,1
2024-01-13 03:45:00,svc_backup,service,162.150.7.8,backup-svr,tacacs,1,normal,0
2024-01-13 06:41:00,svc_backup,service,69.252.99.7,storage-mgmt,tacacs,1,normal,0
2024-01-13 07:24:00,rjohnson,user,96.18.32.1,webmail,radius,1,normal,0
2024-01-13 08:22:00,alopez,user,172.18.96.25,intranet,radius,1,normal,0
2024-01-13 12:24:00,alopez,user,10.3.0.20,vpn,radius,1,normal,0
2024-01-13 12:55:00,net_admin1,admin,50.200.5.1,firewall,tacacs,1,normal,0
2024-01-13 13:20:00,fieldtech_a,field,172.19.96.15,firewall,tacacs,0,lateral_movement,1
2024-01-13 13:53:00,fieldtech_a,field,96.21.192.100,provisioning,radius,1,normal,0
2024-01-13 15:23:00,svc_deploy,service,162.150.7.19,git-runner,tacacs,1,normal,0
2024-01-13 15:40:00,jsmith,user,96.11.128.100,intranet,radius,1,normal,0
2024-01-13 15:42:00,net_admin2,admin,162.150.19.15,switch-mgmt,tacacs,1,normal,0
2024-01-13 15:58:00,net_admin2,admin,172.16.48.25,switch-mgmt,tacacs,1,normal,0
2024-01-13 16:25:00,alopez,user,172.16.80.5,vpn,radius,1,normal,0
2024-01-13 16:30:00,alopez,user,172.17.208.25,intranet,radius,1,normal,0
2024-01-13 17:20:00,jsmith,user,10.1.160.20,intranet,radius,1,normal,0
2024-01-13 17:27:00,svc_monitor,service,172.18.240.15,router-mgmt,tacacs,1,normal,0
2024-01-13 17:29:00,net_admin1,admin,50.200.9.1,cmts,tacacs,1,normal,0
2024-01-13 17:45:00,fieldtech_b,field,100.77.224.3,provisioning,radius,1,normal,0
2024-01-13 18:04:00,fieldtech_a,field,96.28.144.1,cmts-mgmt,radius,1,normal,0
2024-01-13 19:01:00,svc_backup,service,184.29.51.3,backup-svr,tacacs,1,normal,0
2024-01-13 20:28:00,svc_monitor,service,172.17.64.5,cmts-mgmt,tacacs,1,normal,0
2024-01-13 23:17:00,svc_backup,service,162.150.5.18,backup-svr,tacacs,1,normal,0
2024-01-14 00:25:00,svc_deploy,service,184.29.68.3,git-runner,tacacs,1,normal,0
2024-01-14 00:47:00,svc_monitor,service,184.29.67.16,cmts-mgmt,tacacs,1,normal,0
2024-01-14 01:26:00,svc_backup,service,184.29.55.16,storage-mgmt,tacacs,1,normal,0
2024-01-14 01:41:00,svc_monitor,service,172.17.48.5,router-mgmt,tacacs,1,normal,0
2024-01-14 03:04:00,svc_deploy,service,162.150.1.5,git-runner,tacacs,1,normal,0
2024-01-14 03:38:00,svc_backup,service,69.252.90.14,storage-mgmt,tacacs,1,normal,0
2024-01-14 06:18:00,rjohnson,user,100.81.8.1,vpn,radius,1,normal,0
2024-01-14 07:12:00,net_admin1,admin,69.252.83.17,router-core,tacacs,1,normal,0
2024-01-14 07:21:00,net_admin1,admin,69.252.99.8,router-core,tacacs,1,normal,0
2024-01-14 08:09:00,net_admin2,admin,162.150.3.11,router-core,tacacs,1,normal,0
2024-01-14 08:26:00,net_admin1,admin,172.19.16.25,firewall,tacacs,1,normal,0
2024-01-14 08:40:00,jsmith,user,96.10.64.200,webmail,radius,1,normal,0
2024-01-14 09:11:00,svc_backup,service,162.150.19.3,backup-svr,tacacs,1,normal,0
2024-01-14 09:28:00,jsmith,user,100.90.200.1,vpn,radius,1,normal,0
2024-01-14 11:27:00,svc_deploy,service,184.29.65.11,deploy-host,tacacs,1,normal,0
2024-01-14 12:24:00,fieldtech_a,field,96.21.176.1,cmts-mgmt,radius,1,normal,0
2024-01-14 12:54:00,svc_deploy,service,162.150.5.14,deploy-host,tacacs,1,normal,0
2024-01-14 13:11:00,jsmith,user,10.3.32.20,webmail,radius,1,normal,0
2024-01-14 13:15:00,svc_backup,service,184.29.55.1,backup-svr,tacacs,1,normal,0
2024-01-14 14:17:00,net_admin1,admin,50.200.16.1,router-core,tacacs,1,normal,0
2024-01-14 14:24:00,mwilliams,user,50.200.6.1,intranet,radius,1,normal,0
2024-01-14 15:58:00,svc_deploy,service,162.150.9.6,deploy-host,tacacs,1,normal,0
2024-01-14 16:14:00,net_admin1,admin,172.17.160.15,firewall,tacacs,1,normal,0
2024-01-14 17:27:00,svc_monitor,service,184.29.56.4,router-mgmt,tacacs,1,normal,0
2024-01-14 19:29:00,svc_monitor,service,172.19.192.5,router-mgmt,tacacs,1,normal,0
2024-01-14 23:07:00,svc_backup,service,69.252.81.11,storage-mgmt,tacacs,1,normal,0
2024-01-14 23:29:00,svc_backup,service,69.252.97.17,backup-svr,tacacs,1,normal,0
2024-01-15 01:28:00,svc_monitor,service,69.252.90.12,cmts-mgmt,tacacs,1,normal,0
2024-01-15 04:12:00,svc_backup,service,69.252.97.7,storage-mgmt,tacacs,1,normal,0
2024-01-15 04:28:00,svc_backup,service,184.29.59.11,backup-svr,tacacs,1,normal,0
2024-01-15 04:54:00,svc_deploy,service,184.29.58.6,git-runner,tacacs,1,normal,0
2024-01-15 06:18:00,svc_backup,service,162.150.16.15,backup-svr,tacacs,1,normal,0
2024-01-15 06:57:00,svc_deploy,service,162.150.13.19,git-runner,tacacs,1,normal,0
2024-01-15 07:02:00,fieldtech_a,field,96.23.16.200,cmts-mgmt,radius,1,normal,0
2024-01-15 07:25:00,svc_deploy,service,184.29.52.10,deploy-host,tacacs,1,normal,0
2024-01-15 07:37:00,svc_deploy,service,184.29.67.16,git-runner,tacacs,1,normal,0
2024-01-15 08:20:00,alopez,user,172.18.32.5,vpn,radius,1,normal,0
2024-01-15 08:46:00,rjohnson,user,96.28.208.100,webmail,radius,1,normal,0
2024-01-15 08:59:00,fieldtech_b,field,73.1.64.50,provisioning,radius,1,normal,0
2024-01-15 09:26:00,net_admin1,admin,69.252.83.17,router-core,tacacs,1,normal,0
2024-01-15 09:50:00,svc_backup,service,69.252.81.13,backup-svr,tacacs,1,normal,0
2024-01-15 10:47:00,fieldtech_b,field,100.85.16.3,provisioning,radius,1,normal,0
2024-01-15 11:15:00,svc_deploy,service,184.29.61.12,git-runner,tacacs,1,normal,0
2024-01-15 11:26:00,svc_backup,service,162.150.5.2,backup-svr,tacacs,1,normal,0
2024-01-15 13:10:00,svc_deploy,service,184.29.57.3,git-runner,tacacs,1,normal,0
2024-01-15 13:13:00,mwilliams,user,50.200.10.1,sharepoint,radius,1,normal,0
2024-01-15 13:59:00,net_admin1,admin,50.200.1.1,router-core,tacacs,1,normal,0
2024-01-15 14:27:00,svc_backup,service,69.252.92.19,backup-svr,tacacs,1,normal,0
2024-01-15 17:17:00,svc_deploy,service,184.29.55.10,git-runner,tacacs,1,normal,0
2024-01-15 18:07:00,svc_deploy,service,184.29.64.17,git-runner,tacacs,1,normal,0
2024-01-15 21:02:00,svc_monitor,service,69.252.83.12,cmts-mgmt,tacacs,1,normal,0
2024-01-15 22:27:00,svc_backup,service,69.252.87.12,storage-mgmt,tacacs,1,normal,0
2024-01-15 22:56:00,root,root,185.220.45.100,firewall,tacacs,0,root_login,1
2024-01-16 01:19:00,svc_backup,service,184.29.52.8,backup-svr,tacacs,1,normal,0
2024-01-16 01:22:00,svc_backup,service,162.150.19.1,storage-mgmt,tacacs,1,normal,0
2024-01-16 03:19:00,svc_monitor,service,69.252.99.13,router-mgmt,tacacs,1,normal,0
2024-01-16 05:45:00,svc_deploy,service,162.150.3.18,deploy-host,tacacs,1,normal,0
2024-01-16 06:02:00,svc_deploy,service,162.150.10.6,deploy-host,tacacs,1,normal,0
2024-01-16 06:15:00,svc_monitor,service,172.16.80.5,cmts-mgmt,tacacs,1,normal,0
2024-01-16 06:19:00,fieldtech_b,field,100.78.88.1,provisioning,radius,1,normal,0
2024-01-16 06:59:00,rjohnson,user,50.200.18.1,webmail,radius,1,normal,0
2024-01-16 07:10:00,svc_deploy,service,184.29.60.9,git-runner,tacacs,1,normal,0
2024-01-16 07:35:00,svc_backup,service,69.252.99.1,storage-mgmt,tacacs,1,normal,0
2024-01-16 08:14:00,svc_monitor,service,184.29.58.2,cmts-mgmt,tacacs,1,normal,0
2024-01-16 09:04:00,jsmith,user,96.21.240.1,vpn,radius,1,normal,0
2024-01-16 09:06:00,svc_backup,service,185.220.60.50,intranet,radius,1,svc_account_interactive,1
2024-01-16 09:28:00,fieldtech_b,field,100.68.64.2,provisioning,radius,1,normal,0
2024-01-16 09:48:00,net_admin2,admin,162.150.16.17,router-core,tacacs,1,normal,0
2024-01-16 10:25:00,alopez,user,10.1.128.40,intranet,radius,1,normal,0
2024-01-16 11:25:00,net_admin1,admin,172.19.0.25,cmts,tacacs,1,normal,0
2024-01-16 11:28:00,net_admin2,admin,172.17.80.5,router-core,tacacs,1,normal,0
2024-01-16 11:31:00,svc_deploy,service,162.150.5.8,git-runner,tacacs,1,normal,0
2024-01-16 12:01:00,net_admin2,admin,162.150.15.8,router-core,tacacs,1,normal,0
2024-01-16 12:38:00,svc_monitor,service,69.252.88.2,cmts-mgmt,tacacs,1,normal,0
2024-01-16 13:40:00,rjohnson,user,50.200.12.1,vpn,radius,1,normal,0
2024-01-16 13:56:00,jsmith,user,96.7.128.200,intranet,radius,1,normal,0
2024-01-16 14:12:00,svc_backup,service,184.29.51.8,storage-mgmt,tacacs,1,normal,0
2024-01-16 14:12:00,fieldtech_a,field,100.72.112.1,cmts-mgmt,radius,1,normal,0
2024-01-16 14:48:00,svc_deploy,service,184.29.61.14,deploy-host,tacacs,1,normal,0
2024-01-16 14:52:00,jsmith,user,100.86.168.2,intranet,radius,1,normal,0
2024-01-16 15:23:00,svc_monitor,service,172.19.16.25,cmts-mgmt,tacacs,0,normal,0
2024-01-16 16:02:00,svc_backup,service,162.150.11.9,backup-svr,tacacs,1,normal,0
2024-01-16 16:18:00,svc_monitor,service,172.18.32.5,router-mgmt,tacacs,1,normal,0
2024-01-16 16:55:00,fieldtech_b,field,100.86.192.3,provisioning,radius,1,normal,0
2024-01-16 18:40:00,svc_backup,service,69.252.90.11,backup-svr,tacacs,1,normal,0
2024-01-16 18:42:00,svc_backup,service,162.150.11.7,backup-svr,tacacs,1,normal,0
2024-01-16 19:14:00,svc_deploy,service,184.29.51.14,deploy-host,tacacs,1,normal,0
2024-01-16 21:49:00,svc_backup,service,69.252.97.19,backup-svr,tacacs,1,normal,0
2024-01-16 23:44:00,svc_monitor,service,172.17.224.5,router-mgmt,tacacs,1,normal,0
2024-01-17 00:46:00,svc_monitor,service,184.29.66.4,cmts-mgmt,tacacs,1,normal,0
2024-01-17 03:57:00,svc_backup,service,162.150.4.19,storage-mgmt,tacacs,1,normal,0
2024-01-17 04:21:00,svc_monitor,service,172.16.64.5,cmts-mgmt,tacacs,1,normal,0
2024-01-17 06:32:00,svc_deploy,service,162.150.19.17,git-runner,tacacs,1,normal,0
2024-01-17 06:39:00,svc_backup,service,69.252.87.18,backup-svr,tacacs,1,normal,0
2024-01-17 07:27:00,svc_deploy,service,162.150.3.11,git-runner,tacacs,1,normal,0
2024-01-17 08:16:00,root,root,185.220.60.100,cmts,tacacs,0,root_login,1
2024-01-17 09:59:00,net_admin1,admin,50.200.18.1,cmts,tacacs,1,normal,0
2024-01-17 10:44:00,fieldtech_a,field,172.19.144.15,router-core,tacacs,0,lateral_movement,1
2024-01-17 11:10:00,alopez,user,69.252.99.17,vpn,radius,1,impossible_velocity,1
2024-01-17 11:13:00,alopez,user,162.150.12.11,vpn,radius,1,impossible_velocity,1
2024-01-17 11:23:00,alopez,user,172.16.176.15,intranet,radius,1,normal,0
2024-01-17 11:25:00,svc_backup,service,69.252.94.3,storage-mgmt,tacacs,1,normal,0
2024-01-17 12:12:00,svc_deploy,service,184.29.51.9,deploy-host,tacacs,1,normal,0
2024-01-17 13:05:00,svc_monitor,service,172.17.208.5,cmts-mgmt,tacacs,1,normal,0
2024-01-17 13:10:00,jsmith,user,69.252.91.7,vpn,radius,1,impossible_velocity,1
2024-01-17 13:13:00,jsmith,user,162.150.4.4,vpn,radius,1,impossible_velocity,1
2024-01-17 14:15:00,rjohnson,user,50.200.8.1,vpn,radius,1,normal,0
2024-01-17 14:48:00,net_admin1,admin,50.200.1.1,router-core,tacacs,1,normal,0
2024-01-17 15:34:00,svc_deploy,service,184.29.67.8,deploy-host,tacacs,1,normal,0
2024-01-17 15:57:00,svc_backup,service,184.29.56.16,storage-mgmt,tacacs,1,normal,0
2024-01-17 16:06:00,svc_backup,service,185.220.2.50,webmail,radius,1,svc_account_interactive,1
2024-01-17 18:45:00,net_admin1,admin,172.16.80.15,router-core,tacacs,1,normal,0
2024-01-17 18:50:00,svc_deploy,service,162.150.17.3,deploy-host,tacacs,1,normal,0
2024-01-17 18:53:00,svc_deploy,service,162.150.15.1,deploy-host,tacacs,1,normal,0
2024-01-17 20:45:00,svc_deploy,service,184.29.62.10,git-runner,tacacs,1,normal,0
2024-01-17 23:02:00,svc_backup,service,184.29.52.11,backup-svr,tacacs,1,normal,0
2024-01-17 23:39:00,svc_backup,service,184.29.62.11,backup-svr,tacacs,1,normal,0
2024-01-18 00:12:00,svc_backup,service,162.150.5.2,storage-mgmt,tacacs,1,normal,0
2024-01-18 02:55:00,net_admin1,admin,50.200.15.1,router-core,tacacs,1,off_hours_admin,1
2024-01-18 06:03:00,svc_monitor,service,184.29.53.3,router-mgmt,tacacs,1,normal,0
2024-01-18 06:49:00,svc_deploy,service,184.29.53.15,git-runner,tacacs,1,normal,0
2024-01-18 06:57:00,svc_deploy,service,162.150.16.14,deploy-host,tacacs,1,normal,0
2024-01-18 07:24:00,fieldtech_a,field,10.1.192.10,provisioning,radius,1,normal,0
2024-01-18 07:33:00,fieldtech_a,field,100.73.24.1,cmts-mgmt,radius,1,normal,0
2024-01-18 08:47:00,svc_monitor,service,69.252.92.6,router-mgmt,tacacs,1,normal,0
2024-01-18 09:08:00,fieldtech_b,field,96.13.0.100,cmts-mgmt,radius,1,normal,0
2024-01-18 09:08:00,fieldtech_b,field,10.1.224.10,cmts-mgmt,radius,1,normal,0
2024-01-18 09:36:00,rjohnson,user,96.7.240.100,vpn,radius,1,normal,0
2024-01-18 09:52:00,net_admin2,admin,184.29.51.14,router-core,tacacs,1,normal,0
2024-01-18 10:56:00,svc_deploy,service,184.29.56.18,deploy-host,tacacs,1,normal,0
2024-01-18 11:26:00,rjohnson,user,50.200.18.1,webmail,radius,1,normal,0
2024-01-18 12:10:00,fieldtech_a,field,172.16.208.25,router-core,tacacs,0,lateral_movement,1
2024-01-18 12:14:00,svc_deploy,service,162.150.0.8,git-runner,tacacs,1,normal,0
2024-01-18 15:13:00,jsmith,user,96.23.240.200,webmail,radius,1,normal,0
2024-01-18 15:52:00,net_admin2,admin,184.29.55.2,router-core,tacacs,1,normal,0
2024-01-18 16:36:00,svc_backup,service,162.150.7.17,storage-mgmt,tacacs,1,normal,0
2024-01-18 16:52:00,fieldtech_b,field,96.31.80.100,cmts-mgmt,radius,1,normal,0
2024-01-18 16:54:00,alopez,user,73.24.96.1,vpn,radius,1,normal,0
2024-01-18 17:30:00,net_admin1,admin,172.17.160.15,firewall,tacacs,1,normal,0
2024-01-18 18:46:00,svc_deploy,service,184.29.69.18,deploy-host,tacacs,1,normal,0
2024-01-18 22:12:00,svc_monitor,service,69.252.93.13,cmts-mgmt,tacacs,1,normal,0
2024-01-18 22:13:00,svc_deploy,service,184.29.61.16,deploy-host,tacacs,1,normal,0
2024-01-18 22:45:00,svc_monitor,service,69.252.92.3,cmts-mgmt,tacacs,1,normal,0
2024-01-19 00:11:00,svc_backup,service,184.29.50.4,storage-mgmt,tacacs,1,normal,0
2024-01-19 00:15:00,svc_deploy,service,184.29.52.19,git-runner,tacacs,1,normal,0
2024-01-19 00:55:00,svc_deploy,service,162.150.6.8,git-runner,tacacs,1,normal,0
2024-01-19 02:28:00,root,root,185.220.5.100,router-core,radius,1,root_login,1
2024-01-19 02:46:00,svc_deploy,service,162.150.17.4,git-runner,tacacs,1,normal,0
2024-01-19 03:01:00,root,root,69.252.80.16,router-core,radius,0,root_login,1
2024-01-19 03:57:00,svc_deploy,service,184.29.55.18,deploy-host,tacacs,1,normal,0
2024-01-19 04:18:00,svc_monitor,service,69.252.99.6,cmts-mgmt,tacacs,1,normal,0
2024-01-19 07:27:00,rjohnson,user,50.200.11.1,webmail,radius,1,normal,0
2024-01-19 08:28:00,svc_backup,service,162.150.6.11,storage-mgmt,tacacs,1,normal,0
2024-01-19 08:39:00,net_admin2,admin,162.150.19.7,router-core,tacacs,1,normal,0
2024-01-19 09:36:00,svc_deploy,service,162.150.18.2,git-runner,tacacs,1,normal,0
2024-01-19 10:56:00,svc_backup,service,184.29.57.7,backup-svr,tacacs,1,normal,0
2024-01-19 12:12:00,fieldtech_a,field,96.11.16.100,provisioning,radius,1,normal,0
2024-01-19 12:15:00,fieldtech_a,field,73.8.32.1,provisioning,radius,1,normal,0
2024-01-19 12:17:00,svc_backup,service,162.150.3.5,storage-mgmt,tacacs,1,normal,0
2024-01-19 12:22:00,fieldtech_b,field,73.2.160.1,cmts-mgmt,radius,1,normal,0
2024-01-19 13:02:00,tchan,user,10.4.96.10,vpn,radius,1,normal,0
2024-01-19 14:18:00,alopez,user,172.16.80.5,intranet,radius,1,normal,0
2024-01-19 15:36:00,fieldtech_b,field,96.15.64.100,provisioning,radius,1,normal,0
2024-01-19 15:47:00,rjohnson,user,96.11.192.100,webmail,radius,1,normal,0
2024-01-19 15:49:00,net_admin2,admin,162.150.11.17,router-core,tacacs,1,normal,0
2024-01-19 18:27:00,tchan,user,10.1.192.50,webmail,radius,1,normal,0
2024-01-19 18:46:00,svc_deploy,service,184.29.64.6,git-runner,tacacs,1,normal,0
2024-01-19 18:55:00,svc_backup,service,184.29.56.4,backup-svr,tacacs,1,normal,0
2024-01-19 21:23:00,svc_monitor,service,172.18.64.5,cmts-mgmt,tacacs,1,normal,0
2024-01-20 00:16:00,svc_deploy,service,162.150.7.5,deploy-host,tacacs,1,normal,0
2024-01-20 01:31:00,svc_deploy,service,162.150.8.11,deploy-host,tacacs,1,normal,0
2024-01-20 01:42:00,svc_deploy,service,184.29.67.4,git-runner,tacacs,1,normal,0
2024-01-20 01:49:00,svc_backup,service,69.252.90.9,backup-svr,tacacs,1,normal,0
2024-01-20 03:23:00,net_admin1,admin,172.18.128.5,router-core,tacacs,1,off_hours_admin,1
2024-01-20 04:55:00,svc_deploy,service,184.29.67.1,deploy-host,tacacs,1,normal,0
2024-01-20 05:38:00,svc_backup,service,162.150.3.14,storage-mgmt,tacacs,1,normal,0
2024-01-20 07:57:00,svc_monitor,service,184.29.51.12,cmts-mgmt,tacacs,1,normal,0
2024-01-20 08:02:00,net_admin1,admin,50.200.18.1,router-core,tacacs,1,normal,0
2024-01-20 09:31:00,svc_backup,service,162.150.14.16,backup-svr,tacacs,1,normal,0
2024-01-20 09:31:00,net_admin2,admin,162.150.12.17,router-core,tacacs,1,normal,0
2024-01-20 09:37:00,jsmith,user,100.70.224.3,vpn,radius,1,normal,0
2024-01-20 09:52:00,net_admin1,admin,50.200.17.1,firewall,tacacs,1,normal,0
2024-01-20 11:12:00,svc_monitor,service,69.252.82.1,router-mgmt,tacacs,1,normal,0
2024-01-20 11:47:00,svc_backup,service,162.150.14.17,storage-mgmt,tacacs,1,normal,0
2024-01-20 12:54:00,alopez,user,172.16.96.15,vpn,radius,1,normal,0
2024-01-20 13:26:00,net_admin1,admin,50.200.15.1,cmts,tacacs,1,normal,0
2024-01-20 14:00:00,svc_deploy,service,184.29.56.17,git-runner,tacacs,1,normal,0
2024-01-20 15:06:00,svc_monitor,service,184.29.67.8,cmts-mgmt,tacacs,1,normal,0
2024-01-20 15:08:00,svc_deploy,service,184.29.65.8,deploy-host,tacacs,1,normal,0
2024-01-20 15:16:00,svc_deploy,service,184.29.50.19,git-runner,tacacs,1,normal,0
2024-01-20 15:17:00,mwilliams,user,10.1.96.10,sharepoint,radius,1,normal,0
2024-01-20 15:42:00,svc_deploy,service,162.150.9.6,deploy-host,tacacs,1,normal,0
2024-01-20 16:04:00,net_admin1,admin,69.252.95.7,cmts,tacacs,1,normal,0
2024-01-20 16:05:00,jsmith,user,100.76.88.3,webmail,radius,1,normal,0
2024-01-20 16:31:00,jsmith,user,96.19.16.1,intranet,radius,1,normal,0
2024-01-20 17:42:00,svc_backup,service,69.252.97.11,backup-svr,tacacs,1,normal,0
2024-01-20 17:45:00,svc_monitor,service,184.29.51.18,cmts-mgmt,tacacs,1,normal,0
2024-01-20 18:13:00,svc_deploy,service,162.150.15.8,git-runner,tacacs,0,normal,0
2024-01-20 18:44:00,svc_backup,service,184.29.63.2,storage-mgmt,tacacs,1,normal,0
2024-01-20 18:53:00,fieldtech_b,field,96.27.48.200,provisioning,radius,1,normal,0
2024-01-20 19:20:00,svc_deploy,service,184.29.66.9,git-runner,tacacs,1,normal,0
2024-01-20 19:37:00,svc_backup,service,162.150.1.6,storage-mgmt,tacacs,1,normal,0
2024-01-20 19:59:00,svc_deploy,service,184.29.57.6,deploy-host,tacacs,1,normal,0
2024-01-20 21:04:00,root,root,185.220.49.100,router-core,tacacs,0,root_login,1
2024-01-20 21:23:00,svc_deploy,service,162.150.17.16,git-runner,tacacs,1,normal,0
2024-01-20 21:30:00,svc_deploy,service,162.150.9.13,deploy-host,tacacs,1,normal,0
2024-01-21 00:14:00,svc_deploy,service,184.29.59.17,deploy-host,tacacs,1,normal,0
2024-01-21 02:42:00,svc_monitor,service,172.16.48.15,router-mgmt,tacacs,1,normal,0
2024-01-21 02:53:00,svc_monitor,service,184.29.65.9,router-mgmt,tacacs,1,normal,0
2024-01-21 03:43:00,svc_monitor,service,172.16.240.15,router-mgmt,tacacs,1,normal,0
2024-01-21 05:40:00,svc_backup,service,69.252.98.2,storage-mgmt,tacacs,1,normal,0
2024-01-21 05:42:00,svc_monitor,service,184.29.66.1,cmts-mgmt,tacacs,1,normal,0
2024-01-21 06:13:00,svc_monitor,service,172.16.192.25,router-mgmt,tacacs,1,normal,0
2024-01-21 06:43:00,svc_backup,service,184.29.58.10,storage-mgmt,tacacs,1,normal,0
2024-01-21 08:17:00,fieldtech_b,field,10.3.192.10,cmts-mgmt,radius,1,normal,0
2024-01-21 10:16:00,jsmith,user,100.75.200.3,webmail,radius,1,normal,0
2024-01-21 10:17:00,net_admin1,admin,50.200.3.1,router-core,tacacs,1,normal,0
2024-01-21 10:55:00,fieldtech_b,field,73.12.0.50,provisioning,radius,1,normal,0
2024-01-21 11:09:00,net_admin1,admin,50.200.4.1,firewall,tacacs,1,normal,0
2024-01-21 12:48:00,svc_backup,service,184.29.60.11,backup-svr,tacacs,1,normal,0
2024-01-21 12:51:00,mwilliams,user,73.8.192.50,sharepoint,radius,1,normal,0
2024-01-21 13:49:00,svc_backup,service,184.29.69.1,storage-mgmt,tacacs,1,normal,0
2024-01-21 14:41:00,fieldtech_b,field,73.30.240.50,cmts-mgmt,radius,1,normal,0
2024-01-21 15:08:00,svc_deploy,service,162.150.16.3,git-runner,tacacs,1,normal,0
2024-01-21 15:10:00,net_admin1,admin,50.200.6.1,router-core,tacacs,1,normal,0
2024-01-21 16:21:00,svc_deploy,service,162.150.8.1,git-runner,tacacs,1,normal,0
2024-01-21 16:30:00,svc_backup,service,185.220.19.1,webmail,radius,1,svc_account_interactive,1
2024-01-21 16:40:00,alopez,user,172.18.192.15,vpn,radius,1,normal,0
2024-01-21 17:46:00,svc_backup,service,162.150.2.19,backup-svr,tacacs,1,normal,0
2024-01-21 19:22:00,svc_deploy,service,162.150.4.12,git-runner,tacacs,1,normal,0
2024-01-21 20:48:00,svc_backup,service,69.252.87.12,backup-svr,tacacs,1,normal,0
2024-01-21 21:19:00,svc_monitor,service,184.29.64.15,router-mgmt,tacacs,1,normal,0
2024-01-21 23:09:00,svc_backup,service,162.150.6.2,storage-mgmt,tacacs,1,normal,0
2024-01-22 02:08:00,svc_deploy,service,184.29.61.6,git-runner,tacacs,1,normal,0
2024-01-22 02:36:00,svc_backup,service,162.150.6.8,storage-mgmt,tacacs,1,normal,0
2024-01-22 03:30:00,svc_backup,service,162.150.17.13,storage-mgmt,tacacs,1,normal,0
2024-01-22 03:38:00,svc_monitor,service,69.252.91.9,cmts-mgmt,tacacs,1,normal,0
2024-01-22 03:48:00,svc_backup,service,184.29.67.1,backup-svr,tacacs,1,normal,0
2024-01-22 04:17:00,svc_deploy,service,184.29.68.3,git-runner,tacacs,1,normal,0
2024-01-22 04:26:00,svc_monitor,service,184.29.68.10,router-mgmt,tacacs,1,normal,0
2024-01-22 06:16:00,svc_backup,service,184.29.51.17,storage-mgmt,tacacs,1,normal,0
2024-01-22 07:32:00,svc_deploy,service,162.150.6.9,git-runner,tacacs,1,normal,0
2024-01-22 07:32:00,svc_deploy,service,184.29.65.1,deploy-host,tacacs,1,normal,0
2024-01-22 08:31:00,net_admin2,admin,172.19.112.15,switch-mgmt,tacacs,1,normal,0
2024-01-22 09:17:00,svc_deploy,service,184.29.52.8,deploy-host,tacacs,1,normal,0
2024-01-22 09:34:00,svc_monitor,service,69.252.82.4,cmts-mgmt,tacacs,1,normal,0
2024-01-22 09:44:00,jsmith,user,10.3.32.40,intranet,radius,1,normal,0
2024-01-22 09:54:00,fieldtech_b,field,96.1.160.200,cmts-mgmt,radius,1,normal,0
2024-01-22 09:55:00,net_admin2,admin,172.19.176.5,router-core,tacacs,1,normal,0
2024-01-22 10:02:00,tchan,user,96.8.192.100,vpn,radius,1,normal,0
2024-01-22 10:10:00,fieldtech_a,field,10.4.96.20,cmts-mgmt,radius,1,normal,0
2024-01-22 10:41:00,root,root,172.16.96.5,cmts,radius,1,root_login,1
2024-01-22 11:20:00,svc_deploy,service,184.29.64.9,deploy-host,tacacs,1,normal,0
2024-01-22 11:44:00,svc_monitor,service,184.29.67.10,router-mgmt,tacacs,1,normal,0
2024-01-22 13:02:00,svc_monitor,service,69.252.96.18,cmts-mgmt,tacacs,1,normal,0
2024-01-22 13:06:00,rjohnson,user,50.200.1.1,vpn,radius,1,normal,0
2024-01-22 14:21:00,net_admin1,admin,69.252.83.4,firewall,tacacs,1,normal,0
2024-01-22 15:51:00,mwilliams,user,73.5.96.50,sharepoint,radius,1,normal,0
2024-01-22 16:03:00,mwilliams,user,10.2.192.10,intranet,radius,1,normal,0
2024-01-22 17:09:00,net_admin1,admin,50.200.17.1,firewall,tacacs,0,normal,0
2024-01-22 19:17:00,svc_deploy,service,162.150.15.1,git-runner,tacacs,1,normal,0
2024-01-22 19:24:00,svc_backup,service,184.29.63.5,backup-svr,tacacs,1,normal,0
2024-01-22 19:53:00,svc_backup,service,184.29.60.7,storage-mgmt,tacacs,1,normal,0
2024-01-22 22:47:00,svc_backup,service,69.252.88.14,backup-svr,tacacs,1,normal,0
2024-01-23 00:42:00,svc_monitor,service,184.29.62.14,router-mgmt,tacacs,1,normal,0
2024-01-23 01:05:00,svc_backup,service,162.150.2.7,storage-mgmt,tacacs,1,normal,0
2024-01-23 01:32:00,svc_backup,service,69.252.88.17,backup-svr,tacacs,1,normal,0
2024-01-23 01:52:00,svc_backup,service,184.29.61.15,storage-mgmt,tacacs,1,normal,0
2024-01-23 02:12:00,svc_monitor,service,172.16.128.15,router-mgmt,tacacs,1,normal,0
2024-01-23 04:01:00,svc_backup,service,184.29.69.17,backup-svr,tacacs,1,normal,0
2024-01-23 05:13:00,svc_monitor,service,184.29.62.18,cmts-mgmt,tacacs,1,normal,0
2024-01-23 05:16:00,svc_backup,service,184.29.62.14,storage-mgmt,tacacs,1,normal,0
2024-01-23 05:58:00,svc_backup,service,162.150.5.2,storage-mgmt,tacacs,1,normal,0
2024-01-23 08:09:00,svc_deploy,service,184.29.62.2,deploy-host,tacacs,1,normal,0
2024-01-23 08:12:00,fieldtech_b,field,73.9.64.1,cmts-mgmt,radius,1,normal,0
2024-01-23 08:14:00,svc_monitor,service,184.29.64.3,cmts-mgmt,tacacs,1,normal,0
2024-01-23 08:33:00,svc_deploy,service,184.29.55.15,git-runner,tacacs,1,normal,0
2024-01-23 08:39:00,svc_monitor,service,69.252.97.13,cmts-mgmt,tacacs,1,normal,0
2024-01-23 09:33:00,alopez,user,172.18.144.15,vpn,radius,1,normal,0
2024-01-23 09:41:00,svc_monitor,service,69.252.89.11,router-mgmt,tacacs,1,normal,0
2024-01-23 11:09:00,fieldtech_b,field,10.2.160.30,cmts-mgmt,radius,1,normal,0
2024-01-23 11:33:00,svc_backup,service,69.252.80.9,backup-svr,tacacs,1,normal,0
2024-01-23 12:21:00,net_admin2,admin,172.18.112.5,switch-mgmt,tacacs,1,normal,0
2024-01-23 12:39:00,rjohnson,user,50.200.14.1,webmail,radius,1,normal,0
2024-01-23 13:09:00,net_admin2,admin,184.29.58.13,router-core,tacacs,1,normal,0
2024-01-23 13:23:00,svc_monitor,service,184.29.65.17,cmts-mgmt,tacacs,1,normal,0
2024-01-23 14:30:00,rjohnson,user,100.72.48.2,webmail,radius,1,normal,0
2024-01-23 14:31:00,alopez,user,10.2.224.20,vpn,radius,1,normal,0
2024-01-23 14:45:00,svc_backup,service,162.150.2.18,backup-svr,tacacs,1,normal,0
2024-01-23 15:03:00,net_admin2,admin,184.29.67.16,router-core,tacacs,1,normal,0
2024-01-23 15:53:00,alopez,user,73.1.144.1,vpn,radius,1,normal,0
2024-01-23 17:12:00,svc_monitor,service,172.16.64.25,cmts-mgmt,tacacs,1,normal,0
2024-01-23 17:20:00,tchan,user,96.2.240.200,vpn,radius,1,normal,0
2024-01-23 18:10:00,svc_monitor,service,184.29.56.9,cmts-mgmt,tacacs,1,normal,0
2024-01-23 19:10:00,svc_deploy,service,162.150.6.7,git-runner,tacacs,1,normal,0
2024-01-23 19:48:00,svc_backup,service,184.29.60.4,storage-mgmt,tacacs,1,normal,0
2024-01-23 20:20:00,root,root,185.220.8.1,firewall,tacacs,1,root_login,1
2024-01-23 21:41:00,svc_deploy,service,162.150.16.9,deploy-host,tacacs,1,normal,0
2024-01-23 22:35:00,svc_monitor,service,69.252.87.19,cmts-mgmt,tacacs,1,normal,0
2024-01-23 22:38:00,svc_deploy,service,184.29.58.9,git-runner,tacacs,1,normal,0
2024-01-24 00:06:00,svc_backup,service,69.252.98.9,storage-mgmt,tacacs,1,normal,0
2024-01-24 03:50:00,svc_deploy,service,184.29.55.10,git-runner,tacacs,1,normal,0
2024-01-24 04:55:00,svc_monitor,service,184.29.65.5,cmts-mgmt,tacacs,1,normal,0
2024-01-24 05:13:00,svc_deploy,service,184.29.59.15,git-runner,tacacs,1,normal,0
2024-01-24 08:10:00,alopez,user,69.252.80.17,vpn,radius,1,impossible_velocity,1
2024-01-24 08:13:00,alopez,user,162.150.13.6,vpn,radius,1,impossible_velocity,1
2024-01-24 08:56:00,net_admin1,admin,50.200.16.1,router-core,tacacs,1,normal,0
2024-01-24 09:32:00,svc_backup,service,69.252.82.2,storage-mgmt,tacacs,1,normal,0
2024-01-24 10:06:00,fieldtech_a,field,172.18.192.15,firewall,tacacs,1,lateral_movement,1
2024-01-24 11:07:00,net_admin2,admin,172.19.96.25,router-core,tacacs,1,normal,0
2024-01-24 11:43:00,jsmith,user,100.89.152.1,intranet,radius,0,normal,0
2024-01-24 12:25:00,svc_monitor,service,69.252.96.1,router-mgmt,tacacs,1,normal,0
2024-01-24 12:27:00,svc_deploy,service,184.29.69.15,git-runner,tacacs,1,normal,0
2024-01-24 12:47:00,fieldtech_b,field,100.73.128.1,provisioning,radius,1,normal,0
2024-01-24 13:35:00,jsmith,user,10.1.128.20,webmail,radius,1,normal,0
2024-01-24 14:18:00,tchan,user,10.4.160.10,vpn,radius,0,normal,0
2024-01-24 14:24:00,root,root,185.220.43.100,firewall,radius,0,root_login,1
2024-01-24 14:51:00,rjohnson,user,50.200.2.1,webmail,radius,1,normal,0
2024-01-24 15:37:00,svc_deploy,service,162.150.12.18,deploy-host,tacacs,1,normal,0
2024-01-24 15:54:00,svc_monitor,service,172.19.16.15,cmts-mgmt,tacacs,1,normal,0
2024-01-24 16:01:00,fieldtech_b,field,73.12.64.50,cmts-mgmt,radius,1,normal,0
2024-01-24 17:26:00,svc_monitor,service,69.252.83.15,cmts-mgmt,tacacs,1,normal,0
2024-01-24 18:36:00,fieldtech_a,field,10.3.224.50,provisioning,radius,1,normal,0
2024-01-24 21:43:00,svc_deploy,service,162.150.8.5,deploy-host,tacacs,1,normal,0
2024-01-24 22:43:00,svc_deploy,service,162.150.5.10,git-runner,tacacs,1,normal,0
2024-01-25 01:10:00,svc_monitor,service,69.252.97.12,cmts-mgmt,tacacs,1,normal,0
2024-01-25 01:36:00,svc_monitor,service,184.29.53.14,router-mgmt,tacacs,1,normal,0
2024-01-25 01:56:00,svc_monitor,service,184.29.58.17,router-mgmt,tacacs,1,normal,0
2024-01-25 04:40:00,svc_deploy,service,184.29.66.16,deploy-host,tacacs,1,normal,0
2024-01-25 05:12:00,svc_monitor,service,172.18.0.5,cmts-mgmt,tacacs,1,normal,0
2024-01-25 07:41:00,fieldtech_b,field,96.4.144.100,provisioning,radius,1,normal,0
2024-01-25 08:59:00,alopez,user,10.3.32.40,intranet,radius,1,normal,0
2024-01-25 09:10:00,mwilliams,user,69.252.86.14,vpn,radius,1,impossible_velocity,1
2024-01-25 09:12:00,mwilliams,user,162.150.11.3,vpn,radius,1,impossible_velocity,1
2024-01-25 09:53:00,svc_backup,service,162.150.10.10,backup-svr,tacacs,1,normal,0
2024-01-25 10:08:00,svc_deploy,service,184.29.66.2,git-runner,tacacs,1,normal,0
2024-01-25 10:49:00,fieldtech_a,field,100.73.88.3,cmts-mgmt,radius,1,normal,0
2024-01-25 12:17:00,svc_deploy,service,162.150.18.2,git-runner,tacacs,1,normal,0
2024-01-25 12:55:00,fieldtech_b,field,10.2.32.30,cmts-mgmt,radius,1,normal,0
2024-01-25 13:47:00,mwilliams,user,10.2.32.50,intranet,radius,1,normal,0
2024-01-25 13:59:00,net_admin2,admin,162.150.0.19,switch-mgmt,tacacs,1,normal,0
2024-01-25 14:15:00,net_admin2,admin,184.29.67.13,router-core,tacacs,1,normal,0
2024-01-25 14:31:00,fieldtech_b,field,96.21.144.1,provisioning,radius,1,normal,0
2024-01-25 14:45:00,svc_monitor,service,184.29.69.8,router-mgmt,tacacs,1,normal,0
2024-01-25 17:13:00,svc_monitor,service,69.252.87.10,cmts-mgmt,tacacs,1,normal,0
2024-01-25 17:47:00,net_admin1,admin,69.252.96.6,firewall,tacacs,1,normal,0
2024-01-25 17:54:00,svc_backup,service,69.252.83.19,backup-svr,tacacs,1,normal,0
2024-01-25 18:08:00,fieldtech_a,field,10.1.224.30,provisioning,radius,1,normal,0
2024-01-25 18:30:00,svc_deploy,service,184.29.58.17,git-runner,tacacs,1,normal,0
2024-01-25 18:59:00,fieldtech_a,field,100.75.16.2,provisioning,radius,1,normal,0
2024-01-25 20:16:00,svc_monitor,service,172.17.32.25,router-mgmt,tacacs,1,normal,0
2024-01-25 22:24:00,svc_monitor,service,184.29.54.7,router-mgmt,tacacs,1,normal,0
2024-01-26 00:10:00,svc_backup,service,162.150.1.6,backup-svr,tacacs,1,normal,0
2024-01-26 02:57:00,svc_monitor,service,184.29.63.9,router-mgmt,tacacs,1,normal,0
2024-01-26 07:18:00,root,root,185.220.44.50,firewall,radius,0,root_login,1
2024-01-26 07:22:00,fieldtech_b,field,73.14.128.50,cmts-mgmt,radius,1,normal,0
2024-01-26 07:41:00,svc_deploy,service,184.29.56.14,git-runner,tacacs,1,normal,0
2024-01-26 08:45:00,svc_deploy,service,162.150.8.7,git-runner,tacacs,1,normal,0
2024-01-26 09:44:00,net_admin2,admin,172.17.144.15,router-core,tacacs,1,normal,0
2024-01-26 10:26:00,svc_backup,service,69.252.81.2,backup-svr,tacacs,0,normal,0
2024-01-26 10:53:00,svc_deploy,service,162.150.7.8,git-runner,tacacs,1,normal,0
2024-01-26 10:59:00,svc_backup,service,69.252.91.19,storage-mgmt,tacacs,1,normal,0
2024-01-26 11:07:00,svc_monitor,service,69.252.85.11,cmts-mgmt,tacacs,1,normal,0
2024-01-26 12:36:00,svc_deploy,service,184.29.66.17,git-runner,tacacs,1,normal,0
2024-01-26 12:42:00,net_admin1,admin,172.17.128.5,cmts,tacacs,1,normal,0
2024-01-26 12:46:00,jsmith,user,10.3.0.10,webmail,radius,1,normal,0
2024-01-26 12:54:00,net_admin1,admin,69.252.83.6,router-core,tacacs,1,normal,0
2024-01-26 13:06:00,svc_backup,service,69.252.81.7,backup-svr,tacacs,1,normal,0
2024-01-26 13:27:00,svc_backup,service,69.252.97.15,storage-mgmt,tacacs,1,normal,0
2024-01-26 13:28:00,svc_monitor,service,172.18.240.15,cmts-mgmt,tacacs,1,normal,0
2024-01-26 13:31:00,alopez,user,172.16.240.25,vpn,radius,1,normal,0
2024-01-26 13:44:00,alopez,user,172.17.0.25,vpn,radius,0,normal,0
2024-01-26 14:17:00,net_admin2,admin,162.150.15.2,switch-mgmt,tacacs,1,normal,0
2024-01-26 15:10:00,fieldtech_a,field,172.17.224.25,router-core,tacacs,0,lateral_movement,1
2024-01-26 15:14:00,net_admin1,admin,69.252.81.5,cmts,tacacs,1,normal,0
2024-01-26 16:38:00,svc_deploy,service,162.150.10.2,git-runner,tacacs,1,normal,0
2024-01-26 16:47:00,svc_backup,service,184.29.68.5,storage-mgmt,tacacs,1,normal,0
2024-01-26 17:00:00,net_admin2,admin,184.29.52.16,switch-mgmt,tacacs,1,normal,0
2024-01-26 17:28:00,svc_monitor,service,172.16.64.15,router-mgmt,tacacs,1,normal,0
2024-01-26 17:42:00,svc_backup,service,184.29.55.10,backup-svr,tacacs,1,normal,0
2024-01-26 17:43:00,net_admin1,admin,172.18.176.15,firewall,tacacs,1,normal,0
2024-01-26 18:08:00,svc_deploy,service,184.29.51.16,deploy-host,tacacs,1,normal,0
2024-01-26 18:22:00,tchan,user,100.89.96.2,webmail,radius,1,normal,0
2024-01-26 19:02:00,svc_monitor,service,172.16.240.5,cmts-mgmt,tacacs,1,normal,0
2024-01-26 20:16:00,svc_monitor,service,172.17.128.5,router-mgmt,tacacs,0,normal,0
2024-01-26 21:06:00,svc_monitor,service,184.29.63.8,cmts-mgmt,tacacs,1,normal,0
2024-01-26 21:12:00,svc_backup,service,184.29.64.19,backup-svr,tacacs,1,normal,0
2024-01-26 23:11:00,svc_backup,service,184.29.63.7,storage-mgmt,tacacs,1,normal,0
2024-01-27 01:01:00,svc_backup,service,69.252.82.17,storage-mgmt,tacacs,1,normal,0
2024-01-27 05:07:00,svc_backup,service,69.252.89.11,backup-svr,tacacs,1,normal,0
2024-01-27 06:41:00,svc_backup,service,184.29.52.15,backup-svr,tacacs,1,normal,0
2024-01-27 06:59:00,svc_backup,service,162.150.7.13,storage-mgmt,tacacs,1,normal,0
2024-01-27 07:04:00,svc_deploy,service,162.150.5.10,deploy-host,tacacs,1,normal,0
2024-01-27 08:45:00,svc_backup,service,184.29.59.8,backup-svr,tacacs,1,normal,0
2024-01-27 09:15:00,root,root,69.252.96.3,router-core,radius,0,root_login,1
2024-01-27 09:25:00,fieldtech_a,field,96.15.112.100,provisioning,radius,1,normal,0
2024-01-27 09:31:00,svc_monitor,service,69.252.92.4,cmts-mgmt,tacacs,1,normal,0
2024-01-27 10:02:00,net_admin1,admin,69.252.91.7,firewall,tacacs,1,normal,0
2024-01-27 10:36:00,mwilliams,user,10.1.224.40,intranet,radius,1,normal,0
2024-01-27 11:01:00,svc_backup,service,184.29.55.13,storage-mgmt,tacacs,1,normal,0
2024-01-27 11:21:00,net_admin2,admin,162.150.5.15,router-core,tacacs,1,normal,0
2024-01-27 11:22:00,jsmith,user,100.87.120.1,intranet,radius,1,normal,0
2024-01-27 12:03:00,jsmith,user,10.3.128.40,intranet,radius,1,normal,0
2024-01-27 13:09:00,net_admin2,admin,172.17.144.15,switch-mgmt,tacacs,1,normal,0
2024-01-27 13:50:00,rjohnson,user,100.75.64.3,vpn,radius,1,normal,0
2024-01-27 15:25:00,svc_monitor,service,69.252.93.6,cmts-mgmt,tacacs,1,normal,0
2024-01-27 15:53:00,svc_deploy,service,184.29.64.12,git-runner,tacacs,1,normal,0
2024-01-27 16:39:00,alopez,user,172.17.96.15,intranet,radius,0,normal,0
2024-01-27 16:54:00,svc_deploy,service,184.29.54.17,git-runner,tacacs,1,normal,0
2024-01-27 17:04:00,svc_deploy,service,184.29.51.11,deploy-host,tacacs,1,normal,0
2024-01-27 17:11:00,svc_monitor,service,69.252.95.12,cmts-mgmt,tacacs,1,normal,0
2024-01-27 17:58:00,svc_backup,service,184.29.54.6,storage-mgmt,tacacs,1,normal,0
2024-01-27 18:20:00,svc_backup,service,69.252.84.16,backup-svr,tacacs,1,normal,0
2024-01-27 18:32:00,net_admin1,admin,172.18.160.5,router-core,tacacs,1,normal,0
2024-01-27 18:45:00,net_admin1,admin,50.200.9.1,firewall,tacacs,1,normal,0
2024-01-27 18:49:00,svc_monitor,service,184.29.58.15,cmts-mgmt,tacacs,1,normal,0
2024-01-27 19:08:00,svc_backup,service,69.252.94.17,backup-svr,tacacs,1,normal,0
2024-01-27 21:14:00,svc_deploy,service,184.29.65.12,deploy-host,tacacs,1,normal,0
2024-01-28 04:40:00,svc_deploy,service,162.150.17.7,deploy-host,tacacs,1,normal,0
2024-01-28 05:58:00,svc_deploy,service,184.29.56.19,deploy-host,tacacs,1,normal,0
2024-01-28 06:08:00,svc_deploy,service,162.150.11.16,deploy-host,tacacs,1,normal,0
2024-01-28 08:14:00,svc_backup,service,69.252.91.5,backup-svr,tacacs,1,normal,0
2024-01-28 08:18:00,alopez,user,73.14.96.50,vpn,radius,1,normal,0
2024-01-28 09:18:00,rjohnson,user,100.77.128.1,vpn,radius,1,normal,0
2024-01-28 09:37:00,svc_deploy,service,162.150.2.19,git-runner,tacacs,1,normal,0
2024-01-28 09:48:00,svc_deploy,service,184.29.56.9,git-runner,tacacs,1,normal,0
2024-01-28 09:58:00,alopez,user,73.30.128.1,intranet,radius,1,normal,0
2024-01-28 10:22:00,svc_monitor,service,69.252.86.16,cmts-mgmt,tacacs,1,normal,0
2024-01-28 11:54:00,tchan,user,10.1.32.40,webmail,radius,1,normal,0
2024-01-28 13:35:00,svc_deploy,service,184.29.60.14,git-runner,tacacs,1,normal,0
2024-01-28 14:36:00,fieldtech_a,field,172.18.0.25,router-core,tacacs,0,lateral_movement,1
2024-01-28 15:25:00,mwilliams,user,10.2.64.40,vpn,radius,1,normal,0
2024-01-28 16:08:00,net_admin1,admin,50.200.3.1,cmts,tacacs,1,normal,0
2024-01-28 16:21:00,net_admin1,admin,172.17.128.5,cmts,tacacs,1,normal,0
2024-01-28 16:30:00,net_admin2,admin,184.29.63.12,switch-mgmt,tacacs,1,normal,0
2024-01-28 16:45:00,svc_backup,service,184.29.56.16,backup-svr,tacacs,1,normal,0
2024-01-28 18:45:00,tchan,user,100.95.16.3,webmail,radius,1,normal,0
2024-01-28 20:37:00,svc_monitor,service,172.18.32.5,router-mgmt,tacacs,1,normal,0
2024-01-28 20:53:00,svc_deploy,service,184.29.60.2,deploy-host,tacacs,1,normal,0
2024-01-28 23:08:00,svc_backup,service,69.252.94.7,backup-svr,tacacs,1,normal,0
2024-01-29 01:31:00,net_admin1,admin,172.17.96.25,router-core,tacacs,1,off_hours_admin,1
2024-01-29 03:39:00,svc_backup,service,184.29.66.5,storage-mgmt,tacacs,1,normal,0
2024-01-29 04:16:00,svc_deploy,service,184.29.52.16,deploy-host,tacacs,1,normal,0
2024-01-29 05:13:00,svc_backup,service,184.29.66.6,storage-mgmt,tacacs,1,normal,0
2024-01-29 05:13:00,svc_deploy,service,184.29.54.14,deploy-host,tacacs,1,normal,0
2024-01-29 05:16:00,svc_backup,service,162.150.17.5,backup-svr,tacacs,1,normal,0
2024-01-29 05:52:00,svc_monitor,service,184.29.66.10,cmts-mgmt,tacacs,1,normal,0
2024-01-29 06:11:00,svc_monitor,service,172.18.160.15,router-mgmt,tacacs,1,normal,0
2024-01-29 07:23:00,svc_deploy,service,162.150.14.9,deploy-host,tacacs,1,normal,0
2024-01-29 07:47:00,fieldtech_b,field,10.4.160.50,cmts-mgmt,radius,1,normal,0
2024-01-29 08:00:00,net_admin2,admin,162.150.15.12,router-core,tacacs,1,normal,0
2024-01-29 08:26:00,fieldtech_b,field,96.0.32.100,cmts-mgmt,radius,1,normal,0
2024-01-29 08:44:00,svc_backup,service,162.150.10.17,storage-mgmt,tacacs,1,normal,0
2024-01-29 09:07:00,mwilliams,user,10.4.192.20,sharepoint,radius,1,normal,0
2024-01-29 09:16:00,svc_backup,service,184.29.57.13,backup-svr,tacacs,1,normal,0
2024-01-29 09:48:00,rjohnson,user,96.21.80.100,webmail,radius,1,normal,0
2024-01-29 10:02:00,svc_deploy,service,184.29.57.5,deploy-host,tacacs,1,normal,0
2024-01-29 10:24:00,mwilliams,user,73.13.144.1,sharepoint,radius,1,normal,0
2024-01-29 11:55:00,jsmith,user,10.3.96.10,vpn,radius,1,normal,0
2024-01-29 13:05:00,svc_backup,service,69.252.90.2,storage-mgmt,tacacs,1,normal,0
2024-01-29 13:05:00,alopez,user,172.17.128.25,intranet,radius,1,normal,0
2024-01-29 13:15:00,fieldtech_b,field,73.10.112.50,provisioning,radius,1,normal,0
2024-01-29 14:23:00,jsmith,user,10.4.96.30,webmail,radius,1,normal,0
2024-01-29 14:28:00,svc_monitor,service,184.29.62.14,router-mgmt,tacacs,1,normal,0
2024-01-29 15:14:00,net_admin2,admin,162.150.6.7,router-core,tacacs,1,normal,0
2024-01-29 15:32:00,net_admin1,admin,172.18.128.15,cmts,tacacs,1,normal,0
2024-01-29 16:21:00,tchan,user,100.67.248.2,webmail,radius,1,normal,0
2024-01-29 16:30:00,alopez,user,73.10.176.150,vpn,radius,1,normal,0
2024-01-29 16:31:00,svc_monitor,service,172.19.48.25,cmts-mgmt,tacacs,1,normal,0
2024-01-29 16:58:00,net_admin2,admin,162.150.0.7,router-core,tacacs,1,normal,0
2024-01-29 17:04:00,fieldtech_b,field,96.10.144.200,cmts-mgmt,radius,1,normal,0
2024-01-29 17:10:00,mwilliams,user,69.252.95.2,vpn,radius,1,impossible_velocity,1
2024-01-29 17:13:00,mwilliams,user,162.150.16.12,vpn,radius,1,impossible_velocity,1
2024-01-29 17:19:00,svc_deploy,service,162.150.14.4,git-runner,tacacs,1,normal,0
2024-01-29 17:46:00,svc_deploy,service,184.29.62.3,deploy-host,tacacs,1,normal,0
2024-01-29 18:07:00,svc_deploy,service,184.29.57.3,deploy-host,tacacs,1,normal,0
2024-01-29 18:32:00,fieldtech_a,field,10.1.0.30,provisioning,radius,1,normal,0
2024-01-29 23:09:00,svc_backup,service,69.252.94.8,storage-mgmt,tacacs,1,normal,0
2024-01-30 01:06:00,svc_backup,service,162.150.1.19,backup-svr,tacacs,1,normal,0
2024-01-30 01:57:00,svc_backup,service,184.29.53.14,storage-mgmt,tacacs,1,normal,0
2024-01-30 03:18:00,svc_backup,service,69.252.97.2,backup-svr,tacacs,1,normal,0
2024-01-30 04:21:00,net_admin1,admin,50.200.17.1,router-core,tacacs,1,off_hours_admin,1
2024-01-30 06:19:00,svc_backup,service,184.29.57.2,backup-svr,tacacs,1,normal,0
2024-01-30 06:23:00,svc_backup,service,69.252.80.18,storage-mgmt,tacacs,1,normal,0
2024-01-30 07:15:00,fieldtech_a,field,100.85.144.2,provisioning,radius,0,normal,0
2024-01-30 07:31:00,svc_monitor,service,69.252.94.7,cmts-mgmt,tacacs,1,normal,0
2024-01-30 07:57:00,svc_backup,service,184.29.67.18,backup-svr,tacacs,1,normal,0
2024-01-30 08:44:00,svc_deploy,service,184.29.57.7,git-runner,tacacs,1,normal,0
2024-01-30 08:46:00,svc_monitor,service,172.16.240.5,router-mgmt,tacacs,1,normal,0
2024-01-30 09:46:00,svc_deploy,service,162.150.14.4,git-runner,tacacs,1,normal,0
2024-01-30 10:12:00,net_admin1,admin,50.200.7.1,router-core,tacacs,1,normal,0
2024-01-30 10:23:00,svc_deploy,service,184.29.53.4,git-runner,tacacs,1,normal,0
2024-01-30 10:30:00,net_admin2,admin,184.29.50.9,router-core,tacacs,1,normal,0
2024-01-30 11:29:00,svc_backup,service,184.29.61.5,backup-svr,tacacs,1,normal,0
2024-01-30 12:35:00,fieldtech_b,field,73.15.176.150,provisioning,radius,1,normal,0
2024-01-30 12:38:00,svc_deploy,service,162.150.6.5,git-runner,tacacs,1,normal,0
2024-01-30 12:40:00,svc_backup,service,184.29.67.2,backup-svr,tacacs,1,normal,0
2024-01-30 12:58:00,root,root,69.252.96.3,router-core,tacacs,1,root_login,1
2024-01-30 12:58:00,svc_deploy,service,162.150.5.17,git-runner,tacacs,1,normal,0
2024-01-30 14:06:00,svc_deploy,service,184.29.64.6,deploy-host,tacacs,1,normal,0
2024-01-30 15:17:00,svc_backup,service,184.29.56.8,backup-svr,tacacs,1,normal,0
2024-01-30 15:21:00,svc_deploy,service,184.29.66.3,git-runner,tacacs,1,normal,0
2024-01-30 15:34:00,fieldtech_a,field,73.18.176.1,cmts-mgmt,radius,1,normal,0
2024-01-30 16:35:00,svc_deploy,service,162.150.8.8,git-runner,tacacs,1,normal,0
2024-01-30 16:40:00,fieldtech_a,field,100.88.32.3,cmts-mgmt,radius,1,normal,0
2024-01-30 17:41:00,tchan,user,10.1.64.20,webmail,radius,1,normal,0
2024-01-30 17:42:00,svc_monitor,service,172.18.144.15,cmts-mgmt,tacacs,1,normal,0
2024-01-30 18:34:00,fieldtech_a,field,100.67.72.2,cmts-mgmt,radius,1,normal,0
2024-01-30 19:39:00,svc_backup,service,162.150.8.19,backup-svr,tacacs,1,normal,0
2024-01-30 20:11:00,svc_deploy,service,162.150.7.6,git-runner,tacacs,1,normal,0
2024-01-30 21:12:00,svc_deploy,service,184.29.60.11,deploy-host,tacacs,1,normal,0
2024-01-30 23:10:00,svc_backup,service,184.29.64.13,backup-svr,tacacs,1,normal,0
2024-01-30 23:38:00,svc_deploy,service,162.150.16.4,deploy-host,tacacs,1,normal,0
2024-01-30 23:47:00,svc_monitor,service,172.19.144.5,router-mgmt,tacacs,1,normal,0
